customer_id,churn
CUST_1000,0
CUST_1001,0
CUST_1002,0
CUST_1003,1
CUST_1004,0
CUST_1005,1
CUST_1006,0
CUST_1007,0
CUST_1008,0
CUST_1009,0
CUST_1010,0
CUST_1011,0
CUST_1012,0
CUST_1013,0
CUST_1014,0
CUST_1015,1
CUST_1016,0
CUST_1017,0
CUST_1018,0
CUST_1019,0
CUST_1020,1
CUST_1021,1
CUST_1022,0
CUST_1023,0
CUST_1024,0
CUST_1025,1
CUST_1026,1
CUST_1027,1
CUST_1028,1
CUST_1029,0
CUST_1030,0
CUST_1031,0
CUST_1032,0
CUST_1033,0
CUST_1034,0
CUST_1035,0
CUST_1036,1
CUST_1037,0
CUST_1038,1
CUST_1039,1
CUST_1040,0
CUST_1041,0
CUST_1042,1
CUST_1043,0
CUST_1044,0
CUST_1045,0
CUST_1046,0
CUST_1047,0
CUST_1048,1
CUST_1049,0
CUST_1050,0
CUST_1051,1
CUST_1052,1
CUST_1053,1
CUST_1054,0
CUST_1055,1
CUST_1056,0
CUST_1057,0
CUST_1058,0
CUST_1059,0
CUST_1060,1
CUST_1061,0
CUST_1062,0
CUST_1063,1
CUST_1064,0
CUST_1065,0
CUST_1066,1
CUST_1067,0
CUST_1068,0
CUST_1069,0
CUST_1070,1
CUST_1071,0
CUST_1072,0
CUST_1073,1
CUST_1074,0
CUST_1075,0
CUST_1076,1
CUST_1077,1
CUST_1078,1
CUST_1079,1
CUST_1080,0
CUST_1081,1
CUST_1082,1
CUST_1083,1
CUST_1084,0
CUST_1085,0
CUST_1086,0
CUST_1087,0
CUST_1088,0
CUST_1089,0
CUST_1090,0
CUST_1091,0
CUST_1092,0
CUST_1093,1
CUST_1094,0
CUST_1095,0
CUST_1096,0
CUST_1097,1
CUST_1098,0
CUST_1099,1
CUST_1100,0
CUST_1101,0
CUST_1102,0
CUST_1103,0
CUST_1104,0
CUST_1105,1
CUST_1106,0
CUST_1107,0
CUST_1108,1
CUST_1109,1
CUST_1110,0
CUST_1111,0
CUST_1112,0
CUST_1113,0
CUST_1114,1
CUST_1115,0
CUST_1116,1
CUST_1117,1
CUST_1118,1
CUST_1119,1
CUST_1120,0
CUST_1121,0
CUST_1122,1
CUST_1123,0
CUST_1124,0
CUST_1125,0
CUST_1126,0
CUST_1127,1
CUST_1128,0
CUST_1129,0
CUST_1130,1
CUST_1131,0
CUST_1132,1
CUST_1133,0
CUST_1134,0
CUST_1135,0
CUST_1136,0
CUST_1137,0
CUST_1138,0
CUST_1139,0
CUST_1140,1
CUST_1141,0
CUST_1142,0
CUST_1143,0
CUST_1144,0
CUST_1145,0
CUST_1146,0
CUST_1147,0
CUST_1148,0
CUST_1149,0
CUST_1150,1
CUST_1151,1
CUST_1152,0
CUST_1153,0
CUST_1154,0
CUST_1155,0
CUST_1156,0
CUST_1157,0
CUST_1158,0
CUST_1159,0
CUST_1160,1
CUST_1161,0
CUST_1162,0
CUST_1163,0
CUST_1164,0
CUST_1165,1
CUST_1166,1
CUST_1167,0
CUST_1168,0
CUST_1169,0
CUST_1170,1
CUST_1171,0
CUST_1172,1
CUST_1173,1
CUST_1174,0
CUST_1175,0
CUST_1176,1
CUST_1177,0
CUST_1178,0
CUST_1179,1
CUST_1180,0
CUST_1181,0
CUST_1182,1
CUST_1183,1
CUST_1184,1
CUST_1185,0
CUST_1186,0
CUST_1187,0
CUST_1188,0
CUST_1189,0
CUST_1190,0
CUST_1191,0
CUST_1192,1
CUST_1193,0
CUST_1194,0
CUST_1195,0
CUST_1196,0
CUST_1197,0
CUST_1198,1
CUST_1199,1
CUST_1200,0
CUST_1201,1
CUST_1202,0
CUST_1203,0
CUST_1204,1
CUST_1205,1
CUST_1206,0
CUST_1207,0
CUST_1208,0
CUST_1209,0
CUST_1210,0
CUST_1211,0
CUST_1212,0
CUST_1213,0
CUST_1214,1
CUST_1215,0
CUST_1216,0
CUST_1217,1
CUST_1218,0
CUST_1219,0
CUST_1220,1
CUST_1221,1
CUST_1222,0
CUST_1223,1
CUST_1224,0
CUST_1225,1
CUST_1226,0
CUST_1227,0
CUST_1228,1
CUST_1229,1
CUST_1230,0
CUST_1231,1
CUST_1232,0
CUST_1233,0
CUST_1234,0
CUST_1235,0
CUST_1236,0
CUST_1237,0
CUST_1238,1
CUST_1239,1
CUST_1240,1
CUST_1241,1
CUST_1242,0
CUST_1243,0
CUST_1244,1
CUST_1245,0
CUST_1246,0
CUST_1247,1
CUST_1248,1
CUST_1249,0
CUST_1250,0
CUST_1251,1
CUST_1252,0
CUST_1253,1
CUST_1254,1
CUST_1255,1
CUST_1256,1
CUST_1257,0
CUST_1258,1
CUST_1259,0
CUST_1260,1
CUST_1261,0
CUST_1262,0
CUST_1263,0
CUST_1264,1
CUST_1265,0
CUST_1266,0
CUST_1267,0
CUST_1268,0
CUST_1269,0
CUST_1270,1
CUST_1271,1
CUST_1272,0
CUST_1273,0
CUST_1274,0
CUST_1275,0
CUST_1276,0
CUST_1277,1
CUST_1278,0
CUST_1279,1
CUST_1280,1
CUST_1281,0
CUST_1282,0
CUST_1283,1
CUST_1284,1
CUST_1285,1
CUST_1286,0
CUST_1287,0
CUST_1288,1
CUST_1289,0
CUST_1290,0
CUST_1291,0
CUST_1292,0
CUST_1293,0
CUST_1294,1
CUST_1295,0
CUST_1296,0
CUST_1297,0
CUST_1298,0
CUST_1299,0
CUST_1300,0
CUST_1301,1
CUST_1302,0
CUST_1303,0
CUST_1304,1
CUST_1305,1
CUST_1306,1
CUST_1307,1
CUST_1308,0
CUST_1309,0
CUST_1310,1
CUST_1311,0
CUST_1312,1
CUST_1313,0
CUST_1314,1
CUST_1315,1
CUST_1316,1
CUST_1317,0
CUST_1318,0
CUST_1319,0
CUST_1320,0
CUST_1321,0
CUST_1322,0
CUST_1323,0
CUST_1324,0
CUST_1325,1
CUST_1326,0
CUST_1327,0
CUST_1328,0
CUST_1329,0
CUST_1330,0
CUST_1331,0
CUST_1332,0
CUST_1333,1
CUST_1334,1
CUST_1335,0
CUST_1336,1
CUST_1337,1
CUST_1338,0
CUST_1339,0
CUST_1340,1
CUST_1341,0
CUST_1342,1
CUST_1343,0
CUST_1344,0
CUST_1345,0
CUST_1346,1
CUST_1347,0
CUST_1348,0
CUST_1349,0
CUST_1350,1
CUST_1351,0
CUST_1352,0
CUST_1353,0
CUST_1354,1
CUST_1355,0
CUST_1356,1
CUST_1357,0
CUST_1358,0
CUST_1359,0
CUST_1360,0
CUST_1361,0
CUST_1362,0
CUST_1363,1
CUST_1364,0
CUST_1365,0
CUST_1366,0
CUST_1367,1
CUST_1368,0
CUST_1369,0
CUST_1370,1
CUST_1371,1
CUST_1372,0
CUST_1373,0
CUST_1374,0
CUST_1375,0
CUST_1376,0
CUST_1377,0
CUST_1378,0
CUST_1379,0
CUST_1380,0
CUST_1381,1
CUST_1382,1
CUST_1383,1
CUST_1384,0
CUST_1385,0
CUST_1386,1
CUST_1387,1
CUST_1388,0
CUST_1389,1
CUST_1390,1
CUST_1391,1
CUST_1392,0
CUST_1393,1
CUST_1394,1
CUST_1395,0
CUST_1396,0
CUST_1397,1
CUST_1398,0
CUST_1399,0
CUST_1400,1
CUST_1401,1
CUST_1402,0
CUST_1403,1
CUST_1404,0
CUST_1405,0
CUST_1406,0
CUST_1407,0
CUST_1408,1
CUST_1409,0
CUST_1410,1
CUST_1411,1
CUST_1412,0
CUST_1413,0
CUST_1414,1
CUST_1415,1
CUST_1416,1
CUST_1417,0
CUST_1418,1
CUST_1419,0
CUST_1420,1
CUST_1421,0
CUST_1422,0
CUST_1423,0
CUST_1424,0
CUST_1425,1
CUST_1426,1
CUST_1427,1
CUST_1428,1
CUST_1429,1
CUST_1430,0
CUST_1431,1
CUST_1432,0
CUST_1433,1
CUST_1434,1
CUST_1435,1
CUST_1436,0
CUST_1437,0
CUST_1438,0
CUST_1439,0
CUST_1440,0
CUST_1441,1
CUST_1442,0
CUST_1443,1
CUST_1444,0
CUST_1445,0
CUST_1446,1
CUST_1447,1
CUST_1448,0
CUST_1449,0
CUST_1450,1
CUST_1451,1
CUST_1452,1
CUST_1453,0
CUST_1454,0
CUST_1455,0
CUST_1456,0
CUST_1457,1
CUST_1458,0
CUST_1459,1
CUST_1460,0
CUST_1461,1
CUST_1462,0
CUST_1463,0
CUST_1464,1
CUST_1465,1
CUST_1466,0
CUST_1467,1
CUST_1468,0
CUST_1469,0
CUST_1470,0
CUST_1471,0
CUST_1472,0
CUST_1473,1
CUST_1474,0
CUST_1475,0
CUST_1476,1
CUST_1477,1
CUST_1478,0
CUST_1479,0
CUST_1480,1
CUST_1481,0
CUST_1482,1
CUST_1483,1
CUST_1484,0
CUST_1485,1
CUST_1486,0
CUST_1487,0
CUST_1488,1
CUST_1489,1
CUST_1490,0
CUST_1491,0
CUST_1492,0
CUST_1493,0
CUST_1494,0
CUST_1495,0
CUST_1496,1
CUST_1497,1
CUST_1498,0
CUST_1499,0
CUST_1500,0
CUST_1501,0
CUST_1502,0
CUST_1503,0
CUST_1504,0
CUST_1505,1
CUST_1506,0
CUST_1507,0
CUST_1508,1
CUST_1509,1
CUST_1510,0
CUST_1511,0
CUST_1512,1
CUST_1513,1
CUST_1514,0
CUST_1515,0
CUST_1516,0
CUST_1517,1
CUST_1518,0
CUST_1519,0
CUST_1520,1
CUST_1521,0
CUST_1522,1
CUST_1523,0
CUST_1524,0
CUST_1525,1
CUST_1526,0
CUST_1527,1
CUST_1528,0
CUST_1529,0
CUST_1530,1
CUST_1531,0
CUST_1532,0
CUST_1533,0
CUST_1534,0
CUST_1535,1
CUST_1536,0
CUST_1537,0
CUST_1538,0
CUST_1539,0
CUST_1540,1
CUST_1541,0
CUST_1542,0
CUST_1543,1
CUST_1544,0
CUST_1545,0
CUST_1546,1
CUST_1547,1
CUST_1548,0
CUST_1549,0
CUST_1550,0
CUST_1551,1
CUST_1552,1
CUST_1553,0
CUST_1554,0
CUST_1555,0
CUST_1556,1
CUST_1557,0
CUST_1558,0
CUST_1559,0
CUST_1560,0
CUST_1561,0
CUST_1562,1
CUST_1563,0
CUST_1564,0
CUST_1565,0
CUST_1566,0
CUST_1567,0
CUST_1568,0
CUST_1569,0
CUST_1570,1
CUST_1571,0
CUST_1572,0
CUST_1573,1
CUST_1574,0
CUST_1575,1
CUST_1576,0
CUST_1577,0
CUST_1578,0
CUST_1579,0
CUST_1580,0
CUST_1581,0
CUST_1582,0
CUST_1583,0
CUST_1584,1
CUST_1585,1
CUST_1586,0
CUST_1587,1
CUST_1588,1
CUST_1589,0
CUST_1590,0
CUST_1591,0
CUST_1592,1
CUST_1593,1
CUST_1594,0
CUST_1595,0
CUST_1596,1
CUST_1597,1
CUST_1598,1
CUST_1599,1
CUST_1600,0
CUST_1601,0
CUST_1602,1
CUST_1603,0
CUST_1604,0
CUST_1605,0
CUST_1606,0
CUST_1607,1
CUST_1608,0
CUST_1609,1
CUST_1610,0
CUST_1611,0
CUST_1612,1
CUST_1613,0
CUST_1614,1
CUST_1615,0
CUST_1616,0
CUST_1617,0
CUST_1618,0
CUST_1619,1
CUST_1620,1
CUST_1621,1
CUST_1622,1
CUST_1623,0
CUST_1624,1
CUST_1625,0
CUST_1626,1
CUST_1627,1
CUST_1628,1
CUST_1629,0
CUST_1630,0
CUST_1631,1
CUST_1632,1
CUST_1633,0
CUST_1634,0
CUST_1635,0
CUST_1636,0
CUST_1637,0
CUST_1638,0
CUST_1639,1
CUST_1640,0
CUST_1641,1
CUST_1642,0
CUST_1643,0
CUST_1644,0
CUST_1645,0
CUST_1646,1
CUST_1647,1
CUST_1648,0
CUST_1649,0
CUST_1650,0
CUST_1651,0
CUST_1652,1
CUST_1653,0
CUST_1654,0
CUST_1655,0
CUST_1656,0
CUST_1657,0
CUST_1658,1
CUST_1659,1
CUST_1660,0
CUST_1661,0
CUST_1662,1
CUST_1663,1
CUST_1664,0
CUST_1665,0
CUST_1666,1
CUST_1667,1
CUST_1668,0
CUST_1669,0
CUST_1670,0
CUST_1671,1
CUST_1672,1
CUST_1673,0
CUST_1674,1
CUST_1675,0
CUST_1676,0
CUST_1677,0
CUST_1678,0
CUST_1679,0
CUST_1680,0
CUST_1681,1
CUST_1682,0
CUST_1683,0
CUST_1684,0
CUST_1685,1
CUST_1686,0
CUST_1687,1
CUST_1688,0
CUST_1689,1
CUST_1690,0
CUST_1691,0
CUST_1692,0
CUST_1693,0
CUST_1694,0
CUST_1695,0
CUST_1696,0
CUST_1697,1
CUST_1698,0
CUST_1699,0
CUST_1700,0
CUST_1701,0
CUST_1702,0
CUST_1703,0
CUST_1704,0
CUST_1705,1
CUST_1706,1
CUST_1707,1
CUST_1708,1
CUST_1709,0
CUST_1710,1
CUST_1711,0
CUST_1712,0
CUST_1713,0
CUST_1714,1
CUST_1715,1
CUST_1716,0
CUST_1717,0
CUST_1718,0
CUST_1719,0
CUST_1720,0
CUST_1721,0
CUST_1722,0
CUST_1723,0
CUST_1724,1
CUST_1725,0
CUST_1726,1
CUST_1727,0
CUST_1728,1
CUST_1729,0
CUST_1730,0
CUST_1731,0
CUST_1732,0
CUST_1733,0
CUST_1734,1
CUST_1735,0
CUST_1736,0
CUST_1737,0
CUST_1738,0
CUST_1739,1
CUST_1740,0
CUST_1741,0
CUST_1742,1
CUST_1743,0
CUST_1744,1
CUST_1745,0
CUST_1746,0
CUST_1747,0
CUST_1748,0
CUST_1749,0
CUST_1750,0
CUST_1751,0
CUST_1752,0
CUST_1753,0
CUST_1754,0
CUST_1755,0
CUST_1756,1
CUST_1757,0
CUST_1758,0
CUST_1759,0
CUST_1760,0
CUST_1761,1
CUST_1762,0
CUST_1763,1
CUST_1764,0
CUST_1765,0
CUST_1766,0
CUST_1767,0
CUST_1768,0
CUST_1769,0
CUST_1770,1
CUST_1771,1
CUST_1772,0
CUST_1773,1
CUST_1774,1
CUST_1775,0
CUST_1776,0
CUST_1777,1
CUST_1778,1
CUST_1779,0
CUST_1780,0
CUST_1781,0
CUST_1782,0
CUST_1783,1
CUST_1784,0
CUST_1785,0
CUST_1786,1
CUST_1787,0
CUST_1788,0
CUST_1789,0
CUST_1790,0
CUST_1791,0
CUST_1792,1
CUST_1793,1
CUST_1794,1
CUST_1795,1
CUST_1796,0
CUST_1797,0
CUST_1798,0
CUST_1799,0
CUST_1800,1
CUST_1801,0
CUST_1802,0
CUST_1803,1
CUST_1804,0
CUST_1805,0
CUST_1806,1
CUST_1807,1
CUST_1808,0
CUST_1809,1
CUST_1810,1
CUST_1811,1
CUST_1812,0
CUST_1813,0
CUST_1814,0
CUST_1815,0
CUST_1816,0
CUST_1817,1
CUST_1818,0
CUST_1819,1
CUST_1820,0
CUST_1821,1
CUST_1822,0
CUST_1823,1
CUST_1824,0
CUST_1825,1
CUST_1826,1
CUST_1827,0
CUST_1828,0
CUST_1829,0
CUST_1830,0
CUST_1831,1
CUST_1832,1
CUST_1833,0
CUST_1834,0
CUST_1835,1
CUST_1836,1
CUST_1837,1
CUST_1838,1
CUST_1839,1
CUST_1840,1
CUST_1841,1
CUST_1842,0
CUST_1843,0
CUST_1844,1
CUST_1845,0
CUST_1846,0
CUST_1847,0
CUST_1848,1
CUST_1849,0
CUST_1850,1
CUST_1851,1
CUST_1852,0
CUST_1853,0
CUST_1854,0
CUST_1855,1
CUST_1856,1
CUST_1857,1
CUST_1858,0
CUST_1859,0
CUST_1860,1
CUST_1861,0
CUST_1862,0
CUST_1863,0
CUST_1864,1
CUST_1865,0
CUST_1866,1
CUST_1867,1
CUST_1868,0
CUST_1869,0
CUST_1870,0
CUST_1871,1
CUST_1872,1
CUST_1873,1
CUST_1874,0
CUST_1875,0
CUST_1876,1
CUST_1877,0
CUST_1878,1
CUST_1879,1
CUST_1880,1
CUST_1881,0
CUST_1882,0
CUST_1883,0
CUST_1884,0
CUST_1885,1
CUST_1886,1
CUST_1887,0
CUST_1888,1
CUST_1889,1
CUST_1890,1
CUST_1891,1
CUST_1892,0
CUST_1893,1
CUST_1894,0
CUST_1895,1
CUST_1896,0
CUST_1897,0
CUST_1898,1
CUST_1899,0
CUST_1900,0
CUST_1901,0
CUST_1902,0
CUST_1903,1
CUST_1904,0
CUST_1905,0
CUST_1906,1
CUST_1907,1
CUST_1908,1
CUST_1909,0
CUST_1910,0
CUST_1911,0
CUST_1912,0
CUST_1913,1
CUST_1914,0
CUST_1915,0
CUST_1916,0
CUST_1917,0
CUST_1918,0
CUST_1919,0
CUST_1920,1
CUST_1921,0
CUST_1922,0
CUST_1923,0
CUST_1924,1
CUST_1925,1
CUST_1926,1
CUST_1927,0
CUST_1928,0
CUST_1929,0
CUST_1930,0
CUST_1931,0
CUST_1932,0
CUST_1933,1
CUST_1934,0
CUST_1935,1
CUST_1936,1
CUST_1937,1
CUST_1938,1
CUST_1939,0
CUST_1940,1
CUST_1941,0
CUST_1942,1
CUST_1943,0
CUST_1944,0
CUST_1945,1
CUST_1946,1
CUST_1947,1
CUST_1948,0
CUST_1949,0
CUST_1950,0
CUST_1951,0
CUST_1952,1
CUST_1953,1
CUST_1954,0
CUST_1955,0
CUST_1956,0
CUST_1957,0
CUST_1958,0
CUST_1959,1
CUST_1960,0
CUST_1961,0
CUST_1962,1
CUST_1963,0
CUST_1964,0
CUST_1965,0
CUST_1966,0
CUST_1967,0
CUST_1968,0
CUST_1969,1
CUST_1970,0
CUST_1971,1
CUST_1972,1
CUST_1973,1
CUST_1974,1
CUST_1975,0
CUST_1976,1
CUST_1977,0
CUST_1978,0
CUST_1979,1
CUST_1980,0
CUST_1981,0
CUST_1982,1
CUST_1983,0
CUST_1984,1
CUST_1985,1
CUST_1986,0
CUST_1987,1
CUST_1988,0
CUST_1989,1
CUST_1990,1
CUST_1991,0
CUST_1992,0
CUST_1993,0
CUST_1994,0
CUST_1995,0
CUST_1996,0
CUST_1997,0
CUST_1998,0
CUST_1999,1
CUST_2000,0
CUST_2001,1
CUST_2002,1
CUST_2003,0
CUST_2004,1
CUST_2005,0
CUST_2006,1
CUST_2007,1
CUST_2008,1
CUST_2009,0
CUST_2010,1
CUST_2011,1
CUST_2012,0
CUST_2013,1
CUST_2014,0
CUST_2015,0
CUST_2016,0
CUST_2017,0
CUST_2018,1
CUST_2019,0
CUST_2020,0
CUST_2021,1
CUST_2022,0
CUST_2023,0
CUST_2024,0
CUST_2025,0
CUST_2026,1
CUST_2027,0
CUST_2028,0
CUST_2029,0
CUST_2030,0
CUST_2031,0
CUST_2032,1
CUST_2033,0
CUST_2034,0
CUST_2035,0
CUST_2036,0
CUST_2037,0
CUST_2038,1
CUST_2039,1
CUST_2040,1
CUST_2041,0
CUST_2042,1
CUST_2043,0
CUST_2044,0
CUST_2045,0
CUST_2046,0
CUST_2047,1
CUST_2048,0
CUST_2049,0
CUST_2050,1
CUST_2051,0
CUST_2052,0
CUST_2053,1
CUST_2054,0
CUST_2055,0
CUST_2056,0
CUST_2057,1
CUST_2058,0
CUST_2059,0
CUST_2060,0
CUST_2061,0
CUST_2062,1
CUST_2063,0
CUST_2064,0
CUST_2065,0
CUST_2066,0
CUST_2067,0
CUST_2068,0
CUST_2069,1
CUST_2070,1
CUST_2071,0
CUST_2072,1
CUST_2073,0
CUST_2074,0
CUST_2075,0
CUST_2076,0
CUST_2077,0
CUST_2078,0
CUST_2079,1
CUST_2080,0
CUST_2081,0
CUST_2082,1
CUST_2083,0
CUST_2084,1
CUST_2085,0
CUST_2086,0
CUST_2087,0
CUST_2088,1
CUST_2089,0
CUST_2090,1
CUST_2091,0
CUST_2092,1
CUST_2093,1
CUST_2094,0
CUST_2095,0
CUST_2096,1
CUST_2097,0
CUST_2098,0
CUST_2099,0
CUST_2100,0
CUST_2101,0
CUST_2102,0
CUST_2103,1
CUST_2104,1
CUST_2105,1
CUST_2106,0
CUST_2107,0
CUST_2108,1
CUST_2109,0
CUST_2110,0
CUST_2111,0
CUST_2112,0
CUST_2113,1
CUST_2114,1
CUST_2115,0
CUST_2116,0
CUST_2117,0
CUST_2118,0
CUST_2119,1
CUST_2120,1
CUST_2121,0
CUST_2122,0
CUST_2123,0
CUST_2124,0
CUST_2125,0
CUST_2126,0
CUST_2127,0
CUST_2128,1
CUST_2129,0
CUST_2130,0
CUST_2131,0
CUST_2132,0
CUST_2133,0
CUST_2134,0
CUST_2135,0
CUST_2136,1
CUST_2137,1
CUST_2138,1
CUST_2139,0
CUST_2140,0
CUST_2141,0
CUST_2142,0
CUST_2143,1
CUST_2144,0
CUST_2145,0
CUST_2146,1
CUST_2147,0
CUST_2148,0
CUST_2149,0
CUST_2150,0
CUST_2151,0
CUST_2152,0
CUST_2153,1
CUST_2154,1
CUST_2155,0
CUST_2156,0
CUST_2157,0
CUST_2158,0
CUST_2159,0
CUST_2160,0
CUST_2161,0
CUST_2162,0
CUST_2163,0
CUST_2164,0
CUST_2165,0
CUST_2166,0
CUST_2167,1
CUST_2168,0
CUST_2169,1
CUST_2170,0
CUST_2171,0
CUST_2172,0
CUST_2173,0
CUST_2174,1
CUST_2175,1
CUST_2176,0
CUST_2177,1
CUST_2178,1
CUST_2179,1
CUST_2180,0
CUST_2181,1
CUST_2182,1
CUST_2183,0
CUST_2184,0
CUST_2185,1
CUST_2186,0
CUST_2187,1
CUST_2188,1
CUST_2189,0
CUST_2190,0
CUST_2191,0
CUST_2192,0
CUST_2193,0
CUST_2194,0
CUST_2195,1
CUST_2196,0
CUST_2197,0
CUST_2198,0
CUST_2199,1
CUST_2200,0
CUST_2201,0
CUST_2202,0
CUST_2203,1
CUST_2204,1
CUST_2205,0
CUST_2206,1
CUST_2207,0
CUST_2208,0
CUST_2209,0
CUST_2210,0
CUST_2211,0
CUST_2212,1
CUST_2213,0
CUST_2214,0
CUST_2215,1
CUST_2216,0
CUST_2217,0
CUST_2218,0
CUST_2219,1
CUST_2220,0
CUST_2221,0
CUST_2222,0
CUST_2223,0
CUST_2224,0
CUST_2225,0
CUST_2226,0
CUST_2227,0
CUST_2228,0
CUST_2229,0
CUST_2230,1
CUST_2231,0
CUST_2232,0
CUST_2233,1
CUST_2234,0
CUST_2235,1
CUST_2236,0
CUST_2237,0
CUST_2238,0
CUST_2239,1
CUST_2240,0
CUST_2241,1
CUST_2242,1
CUST_2243,1
CUST_2244,1
CUST_2245,1
CUST_2246,0
CUST_2247,1
CUST_2248,1
CUST_2249,0
CUST_2250,0
CUST_2251,1
CUST_2252,0
CUST_2253,0
CUST_2254,0
CUST_2255,0
CUST_2256,1
CUST_2257,1
CUST_2258,0
CUST_2259,0
CUST_2260,0
CUST_2261,0
CUST_2262,1
CUST_2263,1
CUST_2264,0
CUST_2265,1
CUST_2266,1
CUST_2267,0
CUST_2268,0
CUST_2269,0
CUST_2270,0
CUST_2271,0
CUST_2272,1
CUST_2273,0
CUST_2274,0
CUST_2275,1
CUST_2276,1
CUST_2277,1
CUST_2278,0
CUST_2279,1
CUST_2280,1
CUST_2281,1
CUST_2282,0
CUST_2283,1
CUST_2284,0
CUST_2285,0
CUST_2286,0
CUST_2287,0
CUST_2288,0
CUST_2289,0
CUST_2290,1
CUST_2291,0
CUST_2292,1
CUST_2293,1
CUST_2294,0
CUST_2295,0
CUST_2296,0
CUST_2297,0
CUST_2298,0
CUST_2299,0
CUST_2300,1
CUST_2301,0
CUST_2302,0
CUST_2303,0
CUST_2304,0
CUST_2305,1
CUST_2306,1
CUST_2307,1
CUST_2308,1
CUST_2309,1
CUST_2310,0
CUST_2311,1
CUST_2312,0
CUST_2313,1
CUST_2314,0
CUST_2315,0
CUST_2316,1
CUST_2317,0
CUST_2318,0
CUST_2319,0
CUST_2320,1
CUST_2321,0
CUST_2322,0
CUST_2323,1
CUST_2324,0
CUST_2325,0
CUST_2326,1
CUST_2327,0
CUST_2328,0
CUST_2329,1
CUST_2330,0
CUST_2331,1
CUST_2332,1
CUST_2333,1
CUST_2334,1
CUST_2335,1
CUST_2336,0
CUST_2337,0
CUST_2338,1
CUST_2339,1
CUST_2340,1
CUST_2341,0
CUST_2342,1
CUST_2343,0
CUST_2344,0
CUST_2345,0
CUST_2346,0
CUST_2347,1
CUST_2348,0
CUST_2349,0
CUST_2350,1
CUST_2351,0
CUST_2352,1
CUST_2353,0
CUST_2354,0
CUST_2355,0
CUST_2356,0
CUST_2357,0
CUST_2358,1
CUST_2359,1
CUST_2360,0
CUST_2361,0
CUST_2362,0
CUST_2363,0
CUST_2364,1
CUST_2365,0
CUST_2366,1
CUST_2367,0
CUST_2368,0
CUST_2369,0
CUST_2370,0
CUST_2371,1
CUST_2372,1
CUST_2373,0
CUST_2374,0
CUST_2375,0
CUST_2376,0
CUST_2377,0
CUST_2378,0
CUST_2379,1
CUST_2380,0
CUST_2381,0
CUST_2382,0
CUST_2383,0
CUST_2384,0
CUST_2385,0
CUST_2386,0
CUST_2387,0
CUST_2388,0
CUST_2389,1
CUST_2390,1
CUST_2391,0
CUST_2392,1
CUST_2393,0
CUST_2394,1
CUST_2395,1
CUST_2396,1
CUST_2397,1
CUST_2398,0
CUST_2399,0
CUST_2400,0
CUST_2401,0
CUST_2402,0
CUST_2403,1
CUST_2404,0
CUST_2405,0
CUST_2406,1
CUST_2407,0
CUST_2408,1
CUST_2409,0
CUST_2410,1
CUST_2411,0
CUST_2412,0
CUST_2413,0
CUST_2414,0
CUST_2415,1
CUST_2416,0
CUST_2417,0
CUST_2418,0
CUST_2419,0
CUST_2420,0
CUST_2421,1
CUST_2422,0
CUST_2423,1
CUST_2424,0
CUST_2425,0
CUST_2426,1
CUST_2427,0
CUST_2428,1
CUST_2429,0
CUST_2430,1
CUST_2431,0
CUST_2432,1
CUST_2433,1
CUST_2434,0
CUST_2435,0
CUST_2436,0
CUST_2437,0
CUST_2438,1
CUST_2439,1
CUST_2440,0
CUST_2441,1
CUST_2442,0
CUST_2443,1
CUST_2444,0
CUST_2445,1
CUST_2446,1
CUST_2447,0
CUST_2448,0
CUST_2449,0
CUST_2450,0
CUST_2451,1
CUST_2452,1
CUST_2453,0
CUST_2454,0
CUST_2455,0
CUST_2456,0
CUST_2457,1
CUST_2458,1
CUST_2459,0
CUST_2460,0
CUST_2461,0
CUST_2462,1
CUST_2463,1
CUST_2464,1
CUST_2465,0
CUST_2466,0
CUST_2467,0
CUST_2468,1
CUST_2469,0
CUST_2470,0
CUST_2471,1
CUST_2472,0
CUST_2473,0
CUST_2474,0
CUST_2475,1
CUST_2476,0
CUST_2477,0
CUST_2478,1
CUST_2479,0
CUST_2480,0
CUST_2481,1
CUST_2482,0
CUST_2483,0
CUST_2484,0
CUST_2485,0
CUST_2486,1
CUST_2487,0
CUST_2488,1
CUST_2489,1
CUST_2490,0
CUST_2491,0
CUST_2492,0
CUST_2493,0
CUST_2494,0
CUST_2495,0
CUST_2496,1
CUST_2497,0
CUST_2498,0
CUST_2499,1
CUST_2500,0
CUST_2501,0
CUST_2502,0
CUST_2503,0
CUST_2504,1
CUST_2505,0
CUST_2506,1
CUST_2507,1
CUST_2508,1
CUST_2509,0
CUST_2510,0
CUST_2511,0
CUST_2512,0
CUST_2513,1
CUST_2514,0
CUST_2515,0
CUST_2516,0
CUST_2517,0
CUST_2518,0
CUST_2519,1
CUST_2520,0
CUST_2521,1
CUST_2522,0
CUST_2523,0
CUST_2524,0
CUST_2525,0
CUST_2526,0
CUST_2527,1
CUST_2528,1
CUST_2529,0
CUST_2530,0
CUST_2531,1
CUST_2532,1
CUST_2533,0
CUST_2534,1
CUST_2535,1
CUST_2536,0
CUST_2537,1
CUST_2538,0
CUST_2539,0
CUST_2540,1
CUST_2541,0
CUST_2542,1
CUST_2543,0
CUST_2544,1
CUST_2545,0
CUST_2546,1
CUST_2547,1
CUST_2548,0
CUST_2549,0
CUST_2550,0
CUST_2551,0
CUST_2552,0
CUST_2553,0
CUST_2554,1
CUST_2555,1
CUST_2556,1
CUST_2557,0
CUST_2558,0
CUST_2559,1
CUST_2560,1
CUST_2561,0
CUST_2562,0
CUST_2563,1
CUST_2564,1
CUST_2565,0
CUST_2566,0
CUST_2567,0
CUST_2568,0
CUST_2569,0
CUST_2570,1
CUST_2571,1
CUST_2572,0
CUST_2573,1
CUST_2574,1
CUST_2575,1
CUST_2576,0
CUST_2577,1
CUST_2578,0
CUST_2579,0
CUST_2580,0
CUST_2581,0
CUST_2582,0
CUST_2583,0
CUST_2584,0
CUST_2585,0
CUST_2586,1
CUST_2587,1
CUST_2588,1
CUST_2589,1
CUST_2590,0
CUST_2591,0
CUST_2592,1
CUST_2593,1
CUST_2594,1
CUST_2595,0
CUST_2596,1
CUST_2597,0
CUST_2598,1
CUST_2599,0
CUST_2600,1
CUST_2601,1
CUST_2602,0
CUST_2603,1
CUST_2604,0
CUST_2605,0
CUST_2606,0
CUST_2607,1
CUST_2608,1
CUST_2609,1
CUST_2610,0
CUST_2611,0
CUST_2612,0
CUST_2613,0
CUST_2614,0
CUST_2615,1
CUST_2616,0
CUST_2617,1
CUST_2618,0
CUST_2619,0
CUST_2620,0
CUST_2621,0
CUST_2622,1
CUST_2623,0
CUST_2624,0
CUST_2625,1
CUST_2626,0
CUST_2627,0
CUST_2628,0
CUST_2629,0
CUST_2630,1
CUST_2631,0
CUST_2632,0
CUST_2633,0
CUST_2634,0
CUST_2635,1
CUST_2636,1
CUST_2637,1
CUST_2638,1
CUST_2639,1
CUST_2640,0
CUST_2641,0
CUST_2642,1
CUST_2643,0
CUST_2644,0
CUST_2645,0
CUST_2646,1
CUST_2647,0
CUST_2648,0
CUST_2649,1
CUST_2650,0
CUST_2651,0
CUST_2652,1
CUST_2653,1
CUST_2654,0
CUST_2655,0
CUST_2656,0
CUST_2657,1
CUST_2658,0
CUST_2659,0
CUST_2660,1
CUST_2661,0
CUST_2662,1
CUST_2663,1
CUST_2664,1
CUST_2665,1
CUST_2666,0
CUST_2667,0
CUST_2668,0
CUST_2669,0
CUST_2670,0
CUST_2671,0
CUST_2672,1
CUST_2673,0
CUST_2674,0
CUST_2675,0
CUST_2676,0
CUST_2677,0
CUST_2678,0
CUST_2679,0
CUST_2680,1
CUST_2681,0
CUST_2682,0
CUST_2683,0
CUST_2684,0
CUST_2685,0
CUST_2686,0
CUST_2687,1
CUST_2688,1
CUST_2689,0
CUST_2690,0
CUST_2691,0
CUST_2692,1
CUST_2693,0
CUST_2694,0
CUST_2695,1
CUST_2696,0
CUST_2697,1
CUST_2698,0
CUST_2699,0
CUST_2700,0
CUST_2701,1
CUST_2702,0
CUST_2703,1
CUST_2704,1
CUST_2705,0
CUST_2706,0
CUST_2707,0
CUST_2708,0
CUST_2709,1
CUST_2710,1
CUST_2711,0
CUST_2712,1
CUST_2713,0
CUST_2714,0
CUST_2715,1
CUST_2716,1
CUST_2717,1
CUST_2718,0
CUST_2719,1
CUST_2720,1
CUST_2721,1
CUST_2722,0
CUST_2723,1
CUST_2724,0
CUST_2725,1
CUST_2726,0
CUST_2727,0
CUST_2728,0
CUST_2729,0
CUST_2730,0
CUST_2731,1
CUST_2732,1
CUST_2733,1
CUST_2734,0
CUST_2735,0
CUST_2736,0
CUST_2737,0
CUST_2738,1
CUST_2739,0
CUST_2740,1
CUST_2741,0
CUST_2742,0
CUST_2743,0
CUST_2744,0
CUST_2745,0
CUST_2746,1
CUST_2747,1
CUST_2748,0
CUST_2749,0
CUST_2750,1
CUST_2751,0
CUST_2752,0
CUST_2753,0
CUST_2754,1
CUST_2755,0
CUST_2756,0
CUST_2757,1
CUST_2758,1
CUST_2759,1
CUST_2760,1
CUST_2761,0
CUST_2762,0
CUST_2763,1
CUST_2764,1
CUST_2765,1
CUST_2766,0
CUST_2767,0
CUST_2768,0
CUST_2769,1
CUST_2770,0
CUST_2771,0
CUST_2772,0
CUST_2773,0
CUST_2774,0
CUST_2775,0
CUST_2776,0
CUST_2777,0
CUST_2778,0
CUST_2779,0
CUST_2780,0
CUST_2781,0
CUST_2782,0
CUST_2783,0
CUST_2784,0
CUST_2785,1
CUST_2786,0
CUST_2787,0
CUST_2788,0
CUST_2789,0
CUST_2790,1
CUST_2791,0
CUST_2792,0
CUST_2793,0
CUST_2794,0
CUST_2795,1
CUST_2796,0
CUST_2797,0
CUST_2798,1
CUST_2799,1
CUST_2800,1
CUST_2801,0
CUST_2802,1
CUST_2803,0
CUST_2804,1
CUST_2805,0
CUST_2806,0
CUST_2807,1
CUST_2808,0
CUST_2809,0
CUST_2810,0
CUST_2811,1
CUST_2812,0
CUST_2813,0
CUST_2814,0
CUST_2815,1
CUST_2816,0
CUST_2817,0
CUST_2818,0
CUST_2819,0
CUST_2820,0
CUST_2821,1
CUST_2822,0
CUST_2823,1
CUST_2824,1
CUST_2825,0
CUST_2826,0
CUST_2827,1
CUST_2828,1
CUST_2829,1
CUST_2830,0
CUST_2831,1
CUST_2832,1
CUST_2833,0
CUST_2834,1
CUST_2835,1
CUST_2836,1
CUST_2837,1
CUST_2838,0
CUST_2839,1
CUST_2840,0
CUST_2841,1
CUST_2842,0
CUST_2843,1
CUST_2844,0
CUST_2845,1
CUST_2846,0
CUST_2847,1
CUST_2848,0
CUST_2849,0
CUST_2850,0
CUST_2851,0
CUST_2852,1
CUST_2853,0
CUST_2854,1
CUST_2855,0
CUST_2856,0
CUST_2857,0
CUST_2858,0
CUST_2859,1
CUST_2860,1
CUST_2861,1
CUST_2862,0
CUST_2863,1
CUST_2864,0
CUST_2865,1
CUST_2866,0
CUST_2867,1
CUST_2868,1
CUST_2869,0
CUST_2870,1
CUST_2871,1
CUST_2872,0
CUST_2873,0
CUST_2874,0
CUST_2875,1
CUST_2876,0
CUST_2877,0
CUST_2878,0
CUST_2879,0
CUST_2880,1
CUST_2881,1
CUST_2882,1
CUST_2883,1
CUST_2884,1
CUST_2885,1
CUST_2886,1
CUST_2887,1
CUST_2888,0
CUST_2889,0
CUST_2890,1
CUST_2891,1
CUST_2892,1
CUST_2893,0
CUST_2894,0
CUST_2895,0
CUST_2896,0
CUST_2897,0
CUST_2898,0
CUST_2899,0
CUST_2900,0
CUST_2901,0
CUST_2902,1
CUST_2903,0
CUST_2904,0
CUST_2905,1
CUST_2906,0
CUST_2907,0
CUST_2908,0
CUST_2909,1
CUST_2910,0
CUST_2911,0
CUST_2912,1
CUST_2913,0
CUST_2914,0
CUST_2915,1
CUST_2916,0
CUST_2917,0
CUST_2918,1
CUST_2919,0
CUST_2920,1
CUST_2921,1
CUST_2922,0
CUST_2923,0
CUST_2924,0
CUST_2925,1
CUST_2926,0
CUST_2927,1
CUST_2928,1
CUST_2929,0
CUST_2930,1
CUST_2931,0
CUST_2932,0
CUST_2933,0
CUST_2934,0
CUST_2935,0
CUST_2936,0
CUST_2937,0
CUST_2938,0
CUST_2939,0
CUST_2940,1
CUST_2941,0
CUST_2942,0
CUST_2943,0
CUST_2944,1
CUST_2945,0
CUST_2946,0
CUST_2947,1
CUST_2948,0
CUST_2949,1
CUST_2950,1
CUST_2951,1
CUST_2952,1
CUST_2953,0
CUST_2954,1
CUST_2955,0
CUST_2956,0
CUST_2957,1
CUST_2958,1
CUST_2959,0
CUST_2960,0
CUST_2961,0
CUST_2962,1
CUST_2963,1
CUST_2964,1
CUST_2965,0
CUST_2966,1
CUST_2967,1
CUST_2968,1
CUST_2969,1
CUST_2970,1
CUST_2971,0
CUST_2972,0
CUST_2973,0
CUST_2974,0
CUST_2975,1
CUST_2976,0
CUST_2977,1
CUST_2978,1
CUST_2979,0
CUST_2980,1
CUST_2981,0
CUST_2982,1
CUST_2983,0
CUST_2984,0
CUST_2985,0
CUST_2986,1
CUST_2987,1
CUST_2988,1
CUST_2989,0
CUST_2990,0
CUST_2991,1
CUST_2992,0
CUST_2993,0
CUST_2994,0
CUST_2995,0
CUST_2996,1
CUST_2997,0
CUST_2998,0
CUST_2999,0
CUST_3000,0
CUST_3001,0
CUST_3002,0
CUST_3003,0
CUST_3004,0
CUST_3005,0
CUST_3006,0
CUST_3007,0
CUST_3008,0
CUST_3009,1
CUST_3010,0
CUST_3011,0
CUST_3012,0
CUST_3013,0
CUST_3014,1
CUST_3015,1
CUST_3016,1
CUST_3017,0
CUST_3018,0
CUST_3019,0
CUST_3020,0
CUST_3021,0
CUST_3022,1
CUST_3023,0
CUST_3024,0
CUST_3025,0
CUST_3026,0
CUST_3027,0
CUST_3028,1
CUST_3029,0
CUST_3030,1
CUST_3031,1
CUST_3032,0
CUST_3033,0
CUST_3034,1
CUST_3035,0
CUST_3036,1
CUST_3037,1
CUST_3038,0
CUST_3039,1
CUST_3040,0
CUST_3041,0
CUST_3042,0
CUST_3043,0
CUST_3044,0
CUST_3045,1
CUST_3046,0
CUST_3047,0
CUST_3048,0
CUST_3049,0
CUST_3050,1
CUST_3051,1
CUST_3052,0
CUST_3053,0
CUST_3054,1
CUST_3055,1
CUST_3056,0
CUST_3057,0
CUST_3058,0
CUST_3059,0
CUST_3060,0
CUST_3061,0
CUST_3062,0
CUST_3063,0
CUST_3064,1
CUST_3065,0
CUST_3066,0
CUST_3067,0
CUST_3068,1
CUST_3069,0
CUST_3070,0
CUST_3071,1
CUST_3072,0
CUST_3073,1
CUST_3074,0
CUST_3075,0
CUST_3076,0
CUST_3077,0
CUST_3078,1
CUST_3079,1
CUST_3080,1
CUST_3081,0
CUST_3082,0
CUST_3083,0
CUST_3084,1
CUST_3085,1
CUST_3086,0
CUST_3087,1
CUST_3088,1
CUST_3089,0
CUST_3090,0
CUST_3091,0
CUST_3092,1
CUST_3093,0
CUST_3094,0
CUST_3095,1
CUST_3096,1
CUST_3097,0
CUST_3098,1
CUST_3099,1
CUST_3100,0
CUST_3101,0
CUST_3102,0
CUST_3103,0
CUST_3104,0
CUST_3105,0
CUST_3106,1
CUST_3107,0
CUST_3108,0
CUST_3109,0
CUST_3110,0
CUST_3111,1
CUST_3112,0
CUST_3113,1
CUST_3114,0
CUST_3115,1
CUST_3116,0
CUST_3117,0
CUST_3118,1
CUST_3119,0
CUST_3120,1
CUST_3121,1
CUST_3122,1
CUST_3123,0
CUST_3124,1
CUST_3125,0
CUST_3126,1
CUST_3127,1
CUST_3128,1
CUST_3129,0
CUST_3130,1
CUST_3131,0
CUST_3132,0
CUST_3133,1
CUST_3134,1
CUST_3135,0
CUST_3136,1
CUST_3137,1
CUST_3138,1
CUST_3139,1
CUST_3140,0
CUST_3141,0
CUST_3142,1
CUST_3143,0
CUST_3144,1
CUST_3145,0
CUST_3146,0
CUST_3147,0
CUST_3148,0
CUST_3149,0
CUST_3150,0
CUST_3151,1
CUST_3152,0
CUST_3153,1
CUST_3154,0
CUST_3155,0
CUST_3156,1
CUST_3157,0
CUST_3158,0
CUST_3159,1
CUST_3160,1
CUST_3161,1
CUST_3162,0
CUST_3163,0
CUST_3164,1
CUST_3165,1
CUST_3166,0
CUST_3167,1
CUST_3168,0
CUST_3169,0
CUST_3170,0
CUST_3171,1
CUST_3172,0
CUST_3173,1
CUST_3174,0
CUST_3175,0
CUST_3176,1
CUST_3177,1
CUST_3178,0
CUST_3179,0
CUST_3180,0
CUST_3181,0
CUST_3182,1
CUST_3183,0
CUST_3184,0
CUST_3185,0
CUST_3186,0
CUST_3187,0
CUST_3188,0
CUST_3189,0
CUST_3190,0
CUST_3191,1
CUST_3192,0
CUST_3193,0
CUST_3194,0
CUST_3195,1
CUST_3196,0
CUST_3197,0
CUST_3198,0
CUST_3199,1
CUST_3200,0
CUST_3201,1
CUST_3202,1
CUST_3203,0
CUST_3204,0
CUST_3205,0
CUST_3206,0
CUST_3207,0
CUST_3208,1
CUST_3209,1
CUST_3210,0
CUST_3211,0
CUST_3212,1
CUST_3213,1
CUST_3214,1
CUST_3215,1
CUST_3216,0
CUST_3217,0
CUST_3218,0
CUST_3219,1
CUST_3220,0
CUST_3221,1
CUST_3222,0
CUST_3223,1
CUST_3224,0
CUST_3225,1
CUST_3226,0
CUST_3227,1
CUST_3228,1
CUST_3229,0
CUST_3230,1
CUST_3231,0
CUST_3232,0
CUST_3233,1
CUST_3234,1
CUST_3235,0
CUST_3236,1
CUST_3237,0
CUST_3238,0
CUST_3239,0
CUST_3240,0
CUST_3241,1
CUST_3242,1
CUST_3243,0
CUST_3244,1
CUST_3245,0
CUST_3246,1
CUST_3247,0
CUST_3248,1
CUST_3249,0
CUST_3250,1
CUST_3251,1
CUST_3252,1
CUST_3253,0
CUST_3254,1
CUST_3255,0
CUST_3256,0
CUST_3257,1
CUST_3258,0
CUST_3259,0
CUST_3260,0
CUST_3261,0
CUST_3262,0
CUST_3263,0
CUST_3264,0
CUST_3265,1
CUST_3266,0
CUST_3267,0
CUST_3268,0
CUST_3269,0
CUST_3270,0
CUST_3271,0
CUST_3272,0
CUST_3273,0
CUST_3274,0
CUST_3275,1
CUST_3276,0
CUST_3277,0
CUST_3278,0
CUST_3279,0
CUST_3280,1
CUST_3281,0
CUST_3282,0
CUST_3283,0
CUST_3284,1
CUST_3285,0
CUST_3286,1
CUST_3287,1
CUST_3288,0
CUST_3289,0
CUST_3290,0
CUST_3291,0
CUST_3292,0
CUST_3293,0
CUST_3294,1
CUST_3295,1
CUST_3296,0
CUST_3297,0
CUST_3298,1
CUST_3299,1
CUST_3300,0
CUST_3301,1
CUST_3302,0
CUST_3303,0
CUST_3304,0
CUST_3305,0
CUST_3306,1
CUST_3307,0
CUST_3308,0
CUST_3309,1
CUST_3310,0
CUST_3311,0
CUST_3312,0
CUST_3313,0
CUST_3314,0
CUST_3315,1
CUST_3316,1
CUST_3317,0
CUST_3318,0
CUST_3319,0
CUST_3320,0
CUST_3321,0
CUST_3322,1
CUST_3323,0
CUST_3324,0
CUST_3325,0
CUST_3326,0
CUST_3327,0
CUST_3328,1
CUST_3329,0
CUST_3330,1
CUST_3331,1
CUST_3332,0
CUST_3333,0
CUST_3334,1
CUST_3335,0
CUST_3336,1
CUST_3337,0
CUST_3338,1
CUST_3339,0
CUST_3340,0
CUST_3341,1
CUST_3342,0
CUST_3343,1
CUST_3344,0
CUST_3345,0
CUST_3346,1
CUST_3347,0
CUST_3348,0
CUST_3349,1
CUST_3350,0
CUST_3351,0
CUST_3352,1
CUST_3353,0
CUST_3354,1
CUST_3355,0
CUST_3356,0
CUST_3357,0
CUST_3358,1
CUST_3359,0
CUST_3360,1
CUST_3361,1
CUST_3362,1
CUST_3363,0
CUST_3364,0
CUST_3365,1
CUST_3366,0
CUST_3367,1
CUST_3368,0
CUST_3369,1
CUST_3370,1
CUST_3371,0
CUST_3372,1
CUST_3373,0
CUST_3374,0
CUST_3375,1
CUST_3376,0
CUST_3377,0
CUST_3378,1
CUST_3379,1
CUST_3380,0
CUST_3381,0
CUST_3382,0
CUST_3383,0
CUST_3384,0
CUST_3385,0
CUST_3386,0
CUST_3387,0
CUST_3388,0
CUST_3389,0
CUST_3390,0
CUST_3391,0
CUST_3392,0
CUST_3393,0
CUST_3394,0
CUST_3395,0
CUST_3396,0
CUST_3397,0
CUST_3398,0
CUST_3399,0
CUST_3400,1
CUST_3401,1
CUST_3402,1
CUST_3403,0
CUST_3404,0
CUST_3405,1
CUST_3406,0
CUST_3407,0
CUST_3408,1
CUST_3409,0
CUST_3410,0
CUST_3411,0
CUST_3412,1
CUST_3413,1
CUST_3414,0
CUST_3415,1
CUST_3416,1
CUST_3417,0
CUST_3418,0
CUST_3419,0
CUST_3420,0
CUST_3421,0
CUST_3422,1
CUST_3423,0
CUST_3424,1
CUST_3425,0
CUST_3426,0
CUST_3427,0
CUST_3428,1
CUST_3429,0
CUST_3430,0
CUST_3431,0
CUST_3432,1
CUST_3433,0
CUST_3434,0
CUST_3435,0
CUST_3436,1
CUST_3437,0
CUST_3438,0
CUST_3439,1
CUST_3440,1
CUST_3441,1
CUST_3442,1
CUST_3443,0
CUST_3444,1
CUST_3445,1
CUST_3446,1
CUST_3447,0
CUST_3448,0
CUST_3449,0
CUST_3450,0
CUST_3451,0
CUST_3452,0
CUST_3453,0
CUST_3454,1
CUST_3455,0
CUST_3456,1
CUST_3457,0
CUST_3458,1
CUST_3459,0
CUST_3460,1
CUST_3461,0
CUST_3462,1
CUST_3463,1
CUST_3464,1
CUST_3465,0
CUST_3466,1
CUST_3467,0
CUST_3468,1
CUST_3469,0
CUST_3470,1
CUST_3471,0
CUST_3472,0
CUST_3473,0
CUST_3474,1
CUST_3475,1
CUST_3476,0
CUST_3477,1
CUST_3478,1
CUST_3479,0
CUST_3480,1
CUST_3481,0
CUST_3482,1
CUST_3483,0
CUST_3484,0
CUST_3485,1
CUST_3486,0
CUST_3487,1
CUST_3488,0
CUST_3489,0
CUST_3490,0
CUST_3491,1
CUST_3492,1
CUST_3493,1
CUST_3494,0
CUST_3495,1
CUST_3496,1
CUST_3497,1
CUST_3498,0
CUST_3499,0
CUST_3500,0
CUST_3501,0
CUST_3502,0
CUST_3503,0
CUST_3504,0
CUST_3505,1
CUST_3506,0
CUST_3507,1
CUST_3508,0
CUST_3509,0
CUST_3510,0
CUST_3511,1
CUST_3512,0
CUST_3513,0
CUST_3514,0
CUST_3515,1
CUST_3516,0
CUST_3517,1
CUST_3518,0
CUST_3519,0
CUST_3520,1
CUST_3521,1
CUST_3522,0
CUST_3523,0
CUST_3524,0
CUST_3525,1
CUST_3526,0
CUST_3527,0
CUST_3528,0
CUST_3529,0
CUST_3530,0
CUST_3531,0
CUST_3532,1
CUST_3533,0
CUST_3534,1
CUST_3535,0
CUST_3536,0
CUST_3537,1
CUST_3538,0
CUST_3539,0
CUST_3540,1
CUST_3541,0
CUST_3542,1
CUST_3543,1
CUST_3544,0
CUST_3545,0
CUST_3546,1
CUST_3547,1
CUST_3548,0
CUST_3549,1
CUST_3550,0
CUST_3551,0
CUST_3552,0
CUST_3553,0
CUST_3554,0
CUST_3555,1
CUST_3556,0
CUST_3557,0
CUST_3558,1
CUST_3559,1
CUST_3560,0
CUST_3561,1
CUST_3562,0
CUST_3563,1
CUST_3564,1
CUST_3565,1
CUST_3566,1
CUST_3567,1
CUST_3568,0
CUST_3569,1
CUST_3570,0
CUST_3571,0
CUST_3572,0
CUST_3573,0
CUST_3574,1
CUST_3575,0
CUST_3576,0
CUST_3577,1
CUST_3578,0
CUST_3579,0
CUST_3580,0
CUST_3581,1
CUST_3582,1
CUST_3583,0
CUST_3584,1
CUST_3585,0
CUST_3586,0
CUST_3587,0
CUST_3588,1
CUST_3589,1
CUST_3590,0
CUST_3591,1
CUST_3592,0
CUST_3593,1
CUST_3594,1
CUST_3595,1
CUST_3596,0
CUST_3597,0
CUST_3598,0
CUST_3599,0
CUST_3600,0
CUST_3601,0
CUST_3602,0
CUST_3603,0
CUST_3604,0
CUST_3605,0
CUST_3606,0
CUST_3607,1
CUST_3608,0
CUST_3609,1
CUST_3610,0
CUST_3611,0
CUST_3612,0
CUST_3613,1
CUST_3614,1
CUST_3615,0
CUST_3616,0
CUST_3617,0
CUST_3618,1
CUST_3619,0
CUST_3620,1
CUST_3621,0
CUST_3622,1
CUST_3623,0
CUST_3624,0
CUST_3625,0
CUST_3626,0
CUST_3627,1
CUST_3628,1
CUST_3629,0
CUST_3630,0
CUST_3631,0
CUST_3632,0
CUST_3633,0
CUST_3634,1
CUST_3635,0
CUST_3636,0
CUST_3637,1
CUST_3638,0
CUST_3639,0
CUST_3640,1
CUST_3641,1
CUST_3642,1
CUST_3643,0
CUST_3644,1
CUST_3645,1
CUST_3646,1
CUST_3647,0
CUST_3648,1
CUST_3649,1
CUST_3650,1
CUST_3651,0
CUST_3652,0
CUST_3653,1
CUST_3654,0
CUST_3655,0
CUST_3656,0
CUST_3657,0
CUST_3658,1
CUST_3659,0
CUST_3660,0
CUST_3661,0
CUST_3662,0
CUST_3663,0
CUST_3664,1
CUST_3665,1
CUST_3666,0
CUST_3667,0
CUST_3668,0
CUST_3669,0
CUST_3670,1
CUST_3671,0
CUST_3672,0
CUST_3673,1
CUST_3674,1
CUST_3675,1
CUST_3676,0
CUST_3677,1
CUST_3678,0
CUST_3679,1
CUST_3680,0
CUST_3681,0
CUST_3682,0
CUST_3683,0
CUST_3684,1
CUST_3685,0
CUST_3686,1
CUST_3687,1
CUST_3688,0
CUST_3689,1
CUST_3690,0
CUST_3691,1
CUST_3692,0
CUST_3693,1
CUST_3694,0
CUST_3695,0
CUST_3696,0
CUST_3697,1
CUST_3698,0
CUST_3699,0
CUST_3700,0
CUST_3701,0
CUST_3702,0
CUST_3703,1
CUST_3704,0
CUST_3705,1
CUST_3706,1
CUST_3707,1
CUST_3708,0
CUST_3709,0
CUST_3710,0
CUST_3711,1
CUST_3712,0
CUST_3713,1
CUST_3714,0
CUST_3715,1
CUST_3716,0
CUST_3717,0
CUST_3718,1
CUST_3719,1
CUST_3720,0
CUST_3721,0
CUST_3722,0
CUST_3723,0
CUST_3724,0
CUST_3725,0
CUST_3726,0
CUST_3727,1
CUST_3728,1
CUST_3729,1
CUST_3730,1
CUST_3731,0
CUST_3732,0
CUST_3733,1
CUST_3734,0
CUST_3735,0
CUST_3736,1
CUST_3737,1
CUST_3738,0
CUST_3739,0
CUST_3740,1
CUST_3741,0
CUST_3742,1
CUST_3743,1
CUST_3744,0
CUST_3745,0
CUST_3746,1
CUST_3747,0
CUST_3748,0
CUST_3749,1
CUST_3750,1
CUST_3751,0
CUST_3752,1
CUST_3753,0
CUST_3754,0
CUST_3755,0
CUST_3756,0
CUST_3757,0
CUST_3758,1
CUST_3759,0
CUST_3760,1
CUST_3761,1
CUST_3762,0
CUST_3763,0
CUST_3764,0
CUST_3765,0
CUST_3766,0
CUST_3767,1
CUST_3768,0
CUST_3769,1
CUST_3770,0
CUST_3771,0
CUST_3772,0
CUST_3773,0
CUST_3774,1
CUST_3775,1
CUST_3776,0
CUST_3777,0
CUST_3778,0
CUST_3779,0
CUST_3780,1
CUST_3781,1
CUST_3782,0
CUST_3783,0
CUST_3784,1
CUST_3785,1
CUST_3786,1
CUST_3787,1
CUST_3788,0
CUST_3789,1
CUST_3790,0
CUST_3791,0
CUST_3792,0
CUST_3793,0
CUST_3794,0
CUST_3795,1
CUST_3796,1
CUST_3797,1
CUST_3798,0
CUST_3799,0
CUST_3800,0
CUST_3801,1
CUST_3802,1
CUST_3803,0
CUST_3804,0
CUST_3805,0
CUST_3806,0
CUST_3807,0
CUST_3808,1
CUST_3809,0
CUST_3810,0
CUST_3811,0
CUST_3812,1
CUST_3813,0
CUST_3814,0
CUST_3815,0
CUST_3816,1
CUST_3817,0
CUST_3818,0
CUST_3819,0
CUST_3820,0
CUST_3821,1
CUST_3822,0
CUST_3823,1
CUST_3824,1
CUST_3825,0
CUST_3826,0
CUST_3827,1
CUST_3828,1
CUST_3829,0
CUST_3830,1
CUST_3831,0
CUST_3832,1
CUST_3833,0
CUST_3834,1
CUST_3835,0
CUST_3836,1
CUST_3837,0
CUST_3838,1
CUST_3839,1
CUST_3840,0
CUST_3841,0
CUST_3842,1
CUST_3843,0
CUST_3844,1
CUST_3845,1
CUST_3846,1
CUST_3847,0
CUST_3848,0
CUST_3849,0
CUST_3850,0
CUST_3851,0
CUST_3852,1
CUST_3853,0
CUST_3854,0
CUST_3855,1
CUST_3856,1
CUST_3857,1
CUST_3858,0
CUST_3859,0
CUST_3860,0
CUST_3861,0
CUST_3862,1
CUST_3863,0
CUST_3864,1
CUST_3865,1
CUST_3866,1
CUST_3867,1
CUST_3868,0
CUST_3869,0
CUST_3870,0
CUST_3871,1
CUST_3872,1
CUST_3873,1
CUST_3874,1
CUST_3875,1
CUST_3876,0
CUST_3877,0
CUST_3878,1
CUST_3879,1
CUST_3880,1
CUST_3881,0
CUST_3882,0
CUST_3883,0
CUST_3884,0
CUST_3885,1
CUST_3886,1
CUST_3887,1
CUST_3888,0
CUST_3889,0
CUST_3890,0
CUST_3891,0
CUST_3892,0
CUST_3893,1
CUST_3894,0
CUST_3895,0
CUST_3896,0
CUST_3897,0
CUST_3898,1
CUST_3899,0
CUST_3900,1
CUST_3901,1
CUST_3902,1
CUST_3903,0
CUST_3904,0
CUST_3905,0
CUST_3906,1
CUST_3907,1
CUST_3908,0
CUST_3909,0
CUST_3910,0
CUST_3911,0
CUST_3912,0
CUST_3913,0
CUST_3914,0
CUST_3915,1
CUST_3916,1
CUST_3917,1
CUST_3918,1
CUST_3919,0
CUST_3920,1
CUST_3921,0
CUST_3922,0
CUST_3923,0
CUST_3924,0
CUST_3925,0
CUST_3926,0
CUST_3927,0
CUST_3928,0
CUST_3929,0
CUST_3930,1
CUST_3931,1
CUST_3932,1
CUST_3933,0
CUST_3934,0
CUST_3935,1
CUST_3936,1
CUST_3937,0
CUST_3938,0
CUST_3939,0
CUST_3940,0
CUST_3941,0
CUST_3942,0
CUST_3943,0
CUST_3944,1
CUST_3945,0
CUST_3946,0
CUST_3947,0
CUST_3948,0
CUST_3949,0
CUST_3950,0
CUST_3951,1
CUST_3952,1
CUST_3953,1
CUST_3954,0
CUST_3955,1
CUST_3956,1
CUST_3957,0
CUST_3958,0
CUST_3959,0
CUST_3960,0
CUST_3961,0
CUST_3962,1
CUST_3963,1
CUST_3964,1
CUST_3965,1
CUST_3966,0
CUST_3967,1
CUST_3968,1
CUST_3969,1
CUST_3970,1
CUST_3971,0
CUST_3972,1
CUST_3973,0
CUST_3974,0
CUST_3975,0
CUST_3976,1
CUST_3977,0
CUST_3978,0
CUST_3979,1
CUST_3980,0
CUST_3981,0
CUST_3982,0
CUST_3983,0
CUST_3984,0
CUST_3985,1
CUST_3986,0
CUST_3987,0
CUST_3988,1
CUST_3989,0
CUST_3990,1
CUST_3991,0
CUST_3992,0
CUST_3993,0
CUST_3994,1
CUST_3995,1
CUST_3996,0
CUST_3997,0
CUST_3998,0
CUST_3999,0
CUST_4000,0
CUST_4001,0
CUST_4002,0
CUST_4003,0
CUST_4004,0
CUST_4005,1
CUST_4006,0
CUST_4007,0
CUST_4008,1
CUST_4009,1
CUST_4010,0
CUST_4011,0
CUST_4012,0
CUST_4013,0
CUST_4014,0
CUST_4015,1
CUST_4016,0
CUST_4017,0
CUST_4018,1
CUST_4019,1
CUST_4020,0
CUST_4021,1
CUST_4022,0
CUST_4023,0
CUST_4024,0
CUST_4025,1
CUST_4026,0
CUST_4027,0
CUST_4028,0
CUST_4029,0
CUST_4030,1
CUST_4031,1
CUST_4032,0
CUST_4033,0
CUST_4034,0
CUST_4035,0
CUST_4036,0
CUST_4037,0
CUST_4038,1
CUST_4039,0
CUST_4040,0
CUST_4041,1
CUST_4042,1
CUST_4043,0
CUST_4044,0
CUST_4045,0
CUST_4046,0
CUST_4047,1
CUST_4048,1
CUST_4049,0
CUST_4050,1
CUST_4051,0
CUST_4052,0
CUST_4053,0
CUST_4054,0
CUST_4055,1
CUST_4056,1
CUST_4057,1
CUST_4058,0
CUST_4059,1
CUST_4060,1
CUST_4061,0
CUST_4062,1
CUST_4063,1
CUST_4064,0
CUST_4065,1
CUST_4066,1
CUST_4067,1
CUST_4068,1
CUST_4069,0
CUST_4070,1
CUST_4071,1
CUST_4072,1
CUST_4073,0
CUST_4074,0
CUST_4075,1
CUST_4076,1
CUST_4077,0
CUST_4078,0
CUST_4079,0
CUST_4080,0
CUST_4081,0
CUST_4082,1
CUST_4083,0
CUST_4084,0
CUST_4085,0
CUST_4086,0
CUST_4087,0
CUST_4088,0
CUST_4089,0
CUST_4090,1
CUST_4091,0
CUST_4092,1
CUST_4093,1
CUST_4094,0
CUST_4095,1
CUST_4096,1
CUST_4097,1
CUST_4098,0
CUST_4099,0
CUST_4100,1
CUST_4101,1
CUST_4102,0
CUST_4103,0
CUST_4104,0
CUST_4105,0
CUST_4106,0
CUST_4107,0
CUST_4108,0
CUST_4109,1
CUST_4110,0
CUST_4111,0
CUST_4112,1
CUST_4113,1
CUST_4114,0
CUST_4115,0
CUST_4116,1
CUST_4117,0
CUST_4118,0
CUST_4119,0
CUST_4120,1
CUST_4121,0
CUST_4122,1
CUST_4123,0
CUST_4124,0
CUST_4125,0
CUST_4126,1
CUST_4127,0
CUST_4128,0
CUST_4129,0
CUST_4130,1
CUST_4131,0
CUST_4132,0
CUST_4133,0
CUST_4134,0
CUST_4135,1
CUST_4136,0
CUST_4137,0
CUST_4138,1
CUST_4139,0
CUST_4140,1
CUST_4141,0
CUST_4142,1
CUST_4143,0
CUST_4144,0
CUST_4145,0
CUST_4146,0
CUST_4147,1
CUST_4148,0
CUST_4149,0
CUST_4150,1
CUST_4151,0
CUST_4152,0
CUST_4153,1
CUST_4154,0
CUST_4155,1
CUST_4156,1
CUST_4157,1
CUST_4158,1
CUST_4159,0
CUST_4160,0
CUST_4161,0
CUST_4162,1
CUST_4163,1
CUST_4164,0
CUST_4165,0
CUST_4166,1
CUST_4167,0
CUST_4168,1
CUST_4169,0
CUST_4170,0
CUST_4171,0
CUST_4172,0
CUST_4173,1
CUST_4174,0
CUST_4175,0
CUST_4176,1
CUST_4177,1
CUST_4178,0
CUST_4179,1
CUST_4180,0
CUST_4181,0
CUST_4182,1
CUST_4183,1
CUST_4184,0
CUST_4185,0
CUST_4186,0
CUST_4187,1
CUST_4188,1
CUST_4189,0
CUST_4190,0
CUST_4191,1
CUST_4192,1
CUST_4193,0
CUST_4194,0
CUST_4195,1
CUST_4196,1
CUST_4197,0
CUST_4198,1
CUST_4199,1
CUST_4200,1
CUST_4201,1
CUST_4202,0
CUST_4203,1
CUST_4204,1
CUST_4205,0
CUST_4206,1
CUST_4207,1
CUST_4208,1
CUST_4209,1
CUST_4210,1
CUST_4211,0
CUST_4212,1
CUST_4213,0
CUST_4214,0
CUST_4215,1
CUST_4216,0
CUST_4217,0
CUST_4218,0
CUST_4219,0
CUST_4220,1
CUST_4221,1
CUST_4222,0
CUST_4223,0
CUST_4224,0
CUST_4225,1
CUST_4226,0
CUST_4227,0
CUST_4228,0
CUST_4229,0
CUST_4230,1
CUST_4231,0
CUST_4232,0
CUST_4233,0
CUST_4234,0
CUST_4235,0
CUST_4236,1
CUST_4237,0
CUST_4238,1
CUST_4239,0
CUST_4240,0
CUST_4241,0
CUST_4242,0
CUST_4243,0
CUST_4244,1
CUST_4245,1
CUST_4246,0
CUST_4247,1
CUST_4248,1
CUST_4249,0
CUST_4250,0
CUST_4251,0
CUST_4252,0
CUST_4253,1
CUST_4254,1
CUST_4255,1
CUST_4256,1
CUST_4257,1
CUST_4258,0
CUST_4259,1
CUST_4260,0
CUST_4261,0
CUST_4262,1
CUST_4263,0
CUST_4264,0
CUST_4265,0
CUST_4266,1
CUST_4267,0
CUST_4268,0
CUST_4269,0
CUST_4270,1
CUST_4271,1
CUST_4272,0
CUST_4273,0
CUST_4274,0
CUST_4275,1
CUST_4276,1
CUST_4277,0
CUST_4278,0
CUST_4279,0
CUST_4280,0
CUST_4281,0
CUST_4282,0
CUST_4283,0
CUST_4284,1
CUST_4285,1
CUST_4286,0
CUST_4287,0
CUST_4288,0
CUST_4289,1
CUST_4290,0
CUST_4291,1
CUST_4292,1
CUST_4293,1
CUST_4294,0
CUST_4295,0
CUST_4296,1
CUST_4297,0
CUST_4298,0
CUST_4299,0
CUST_4300,0
CUST_4301,0
CUST_4302,0
CUST_4303,0
CUST_4304,0
CUST_4305,0
CUST_4306,0
CUST_4307,1
CUST_4308,0
CUST_4309,1
CUST_4310,1
CUST_4311,0
CUST_4312,0
CUST_4313,0
CUST_4314,1
CUST_4315,0
CUST_4316,0
CUST_4317,0
CUST_4318,1
CUST_4319,0
CUST_4320,0
CUST_4321,1
CUST_4322,1
CUST_4323,0
CUST_4324,0
CUST_4325,0
CUST_4326,0
CUST_4327,1
CUST_4328,1
CUST_4329,0
CUST_4330,0
CUST_4331,0
CUST_4332,0
CUST_4333,0
CUST_4334,1
CUST_4335,0
CUST_4336,1
CUST_4337,0
CUST_4338,0
CUST_4339,1
CUST_4340,0
CUST_4341,0
CUST_4342,1
CUST_4343,0
CUST_4344,0
CUST_4345,0
CUST_4346,1
CUST_4347,0
CUST_4348,0
CUST_4349,1
CUST_4350,0
CUST_4351,1
CUST_4352,0
CUST_4353,1
CUST_4354,0
CUST_4355,1
CUST_4356,0
CUST_4357,0
CUST_4358,1
CUST_4359,0
CUST_4360,0
CUST_4361,0
CUST_4362,1
CUST_4363,0
CUST_4364,1
CUST_4365,0
CUST_4366,0
CUST_4367,1
CUST_4368,0
CUST_4369,1
CUST_4370,1
CUST_4371,1
CUST_4372,0
CUST_4373,0
CUST_4374,0
CUST_4375,1
CUST_4376,0
CUST_4377,0
CUST_4378,1
CUST_4379,1
CUST_4380,1
CUST_4381,0
CUST_4382,1
CUST_4383,0
CUST_4384,0
CUST_4385,0
CUST_4386,0
CUST_4387,0
CUST_4388,0
CUST_4389,1
CUST_4390,1
CUST_4391,0
CUST_4392,0
CUST_4393,0
CUST_4394,0
CUST_4395,0
CUST_4396,1
CUST_4397,0
CUST_4398,0
CUST_4399,0
CUST_4400,0
CUST_4401,0
CUST_4402,1
CUST_4403,0
CUST_4404,1
CUST_4405,1
CUST_4406,0
CUST_4407,0
CUST_4408,0
CUST_4409,0
CUST_4410,1
CUST_4411,0
CUST_4412,0
CUST_4413,0
CUST_4414,1
CUST_4415,1
CUST_4416,0
CUST_4417,0
CUST_4418,1
CUST_4419,0
CUST_4420,0
CUST_4421,0
CUST_4422,0
CUST_4423,1
CUST_4424,0
CUST_4425,0
CUST_4426,1
CUST_4427,0
CUST_4428,0
CUST_4429,0
CUST_4430,0
CUST_4431,0
CUST_4432,0
CUST_4433,0
CUST_4434,0
CUST_4435,1
CUST_4436,0
CUST_4437,0
CUST_4438,1
CUST_4439,0
CUST_4440,0
CUST_4441,1
CUST_4442,1
CUST_4443,1
CUST_4444,1
CUST_4445,0
CUST_4446,0
CUST_4447,0
CUST_4448,0
CUST_4449,0
CUST_4450,1
CUST_4451,0
CUST_4452,1
CUST_4453,0
CUST_4454,1
CUST_4455,0
CUST_4456,0
CUST_4457,0
CUST_4458,0
CUST_4459,1
CUST_4460,0
CUST_4461,0
CUST_4462,0
CUST_4463,1
CUST_4464,0
CUST_4465,1
CUST_4466,0
CUST_4467,0
CUST_4468,1
CUST_4469,0
CUST_4470,0
CUST_4471,1
CUST_4472,1
CUST_4473,1
CUST_4474,0
CUST_4475,0
CUST_4476,0
CUST_4477,0
CUST_4478,0
CUST_4479,1
CUST_4480,0
CUST_4481,1
CUST_4482,0
CUST_4483,0
CUST_4484,0
CUST_4485,0
CUST_4486,1
CUST_4487,0
CUST_4488,0
CUST_4489,1
CUST_4490,0
CUST_4491,1
CUST_4492,1
CUST_4493,1
CUST_4494,0
CUST_4495,0
CUST_4496,0
CUST_4497,0
CUST_4498,1
CUST_4499,1
CUST_4500,0
CUST_4501,1
CUST_4502,1
CUST_4503,0
CUST_4504,0
CUST_4505,0
CUST_4506,1
CUST_4507,0
CUST_4508,1
CUST_4509,1
CUST_4510,0
CUST_4511,1
CUST_4512,0
CUST_4513,1
CUST_4514,0
CUST_4515,0
CUST_4516,1
CUST_4517,0
CUST_4518,1
CUST_4519,0
CUST_4520,0
CUST_4521,1
CUST_4522,0
CUST_4523,1
CUST_4524,0
CUST_4525,0
CUST_4526,0
CUST_4527,0
CUST_4528,0
CUST_4529,0
CUST_4530,0
CUST_4531,0
CUST_4532,1
CUST_4533,0
CUST_4534,0
CUST_4535,0
CUST_4536,1
CUST_4537,1
CUST_4538,0
CUST_4539,1
CUST_4540,0
CUST_4541,0
CUST_4542,1
CUST_4543,1
CUST_4544,0
CUST_4545,0
CUST_4546,0
CUST_4547,1
CUST_4548,0
CUST_4549,0
CUST_4550,0
CUST_4551,0
CUST_4552,1
CUST_4553,0
CUST_4554,1
CUST_4555,1
CUST_4556,1
CUST_4557,0
CUST_4558,0
CUST_4559,1
CUST_4560,0
CUST_4561,1
CUST_4562,1
CUST_4563,0
CUST_4564,0
CUST_4565,0
CUST_4566,0
CUST_4567,0
CUST_4568,1
CUST_4569,1
CUST_4570,1
CUST_4571,0
CUST_4572,0
CUST_4573,0
CUST_4574,0
CUST_4575,0
CUST_4576,0
CUST_4577,0
CUST_4578,1
CUST_4579,1
CUST_4580,0
CUST_4581,1
CUST_4582,0
CUST_4583,0
CUST_4584,0
CUST_4585,1
CUST_4586,1
CUST_4587,0
CUST_4588,1
CUST_4589,0
CUST_4590,1
CUST_4591,0
CUST_4592,1
CUST_4593,0
CUST_4594,0
CUST_4595,0
CUST_4596,1
CUST_4597,0
CUST_4598,0
CUST_4599,1
CUST_4600,0
CUST_4601,1
CUST_4602,0
CUST_4603,1
CUST_4604,1
CUST_4605,0
CUST_4606,0
CUST_4607,1
CUST_4608,1
CUST_4609,0
CUST_4610,0
CUST_4611,1
CUST_4612,0
CUST_4613,0
CUST_4614,1
CUST_4615,0
CUST_4616,0
CUST_4617,1
CUST_4618,0
CUST_4619,0
CUST_4620,0
CUST_4621,0
CUST_4622,1
CUST_4623,0
CUST_4624,1
CUST_4625,1
CUST_4626,1
CUST_4627,1
CUST_4628,0
CUST_4629,0
CUST_4630,0
CUST_4631,1
CUST_4632,0
CUST_4633,0
CUST_4634,1
CUST_4635,0
CUST_4636,0
CUST_4637,0
CUST_4638,1
CUST_4639,0
CUST_4640,1
CUST_4641,1
CUST_4642,0
CUST_4643,0
CUST_4644,1
CUST_4645,1
CUST_4646,0
CUST_4647,0
CUST_4648,0
CUST_4649,1
CUST_4650,0
CUST_4651,0
CUST_4652,0
CUST_4653,1
CUST_4654,0
CUST_4655,0
CUST_4656,0
CUST_4657,0
CUST_4658,1
CUST_4659,1
CUST_4660,1
CUST_4661,1
CUST_4662,0
CUST_4663,0
CUST_4664,1
CUST_4665,1
CUST_4666,0
CUST_4667,1
CUST_4668,0
CUST_4669,0
CUST_4670,0
CUST_4671,0
CUST_4672,0
CUST_4673,0
CUST_4674,0
CUST_4675,1
CUST_4676,1
CUST_4677,1
CUST_4678,1
CUST_4679,1
CUST_4680,0
CUST_4681,0
CUST_4682,0
CUST_4683,1
CUST_4684,0
CUST_4685,1
CUST_4686,1
CUST_4687,1
CUST_4688,1
CUST_4689,0
CUST_4690,1
CUST_4691,0
CUST_4692,1
CUST_4693,0
CUST_4694,1
CUST_4695,0
CUST_4696,0
CUST_4697,1
CUST_4698,0
CUST_4699,0
CUST_4700,1
CUST_4701,1
CUST_4702,0
CUST_4703,1
CUST_4704,0
CUST_4705,1
CUST_4706,0
CUST_4707,1
CUST_4708,0
CUST_4709,0
CUST_4710,1
CUST_4711,1
CUST_4712,0
CUST_4713,1
CUST_4714,1
CUST_4715,0
CUST_4716,0
CUST_4717,0
CUST_4718,1
CUST_4719,0
CUST_4720,1
CUST_4721,0
CUST_4722,1
CUST_4723,0
CUST_4724,1
CUST_4725,0
CUST_4726,1
CUST_4727,0
CUST_4728,1
CUST_4729,0
CUST_4730,0
CUST_4731,1
CUST_4732,1
CUST_4733,0
CUST_4734,1
CUST_4735,1
CUST_4736,0
CUST_4737,0
CUST_4738,0
CUST_4739,1
CUST_4740,0
CUST_4741,0
CUST_4742,0
CUST_4743,1
CUST_4744,0
CUST_4745,1
CUST_4746,0
CUST_4747,0
CUST_4748,1
CUST_4749,0
CUST_4750,1
CUST_4751,1
CUST_4752,1
CUST_4753,1
CUST_4754,0
CUST_4755,0
CUST_4756,1
CUST_4757,1
CUST_4758,0
CUST_4759,1
CUST_4760,0
CUST_4761,1
CUST_4762,0
CUST_4763,0
CUST_4764,0
CUST_4765,0
CUST_4766,1
CUST_4767,0
CUST_4768,1
CUST_4769,1
CUST_4770,0
CUST_4771,0
CUST_4772,1
CUST_4773,1
CUST_4774,1
CUST_4775,0
CUST_4776,0
CUST_4777,0
CUST_4778,0
CUST_4779,1
CUST_4780,0
CUST_4781,1
CUST_4782,1
CUST_4783,1
CUST_4784,1
CUST_4785,1
CUST_4786,1
CUST_4787,1
CUST_4788,1
CUST_4789,0
CUST_4790,0
CUST_4791,0
CUST_4792,0
CUST_4793,1
CUST_4794,0
CUST_4795,0
CUST_4796,1
CUST_4797,0
CUST_4798,1
CUST_4799,1
CUST_4800,0
CUST_4801,1
CUST_4802,1
CUST_4803,0
CUST_4804,0
CUST_4805,0
CUST_4806,1
CUST_4807,0
CUST_4808,1
CUST_4809,1
CUST_4810,1
CUST_4811,0
CUST_4812,1
CUST_4813,0
CUST_4814,0
CUST_4815,0
CUST_4816,1
CUST_4817,1
CUST_4818,0
CUST_4819,1
CUST_4820,0
CUST_4821,0
CUST_4822,1
CUST_4823,0
CUST_4824,0
CUST_4825,1
CUST_4826,0
CUST_4827,1
CUST_4828,0
CUST_4829,1
CUST_4830,0
CUST_4831,1
CUST_4832,0
CUST_4833,0
CUST_4834,1
CUST_4835,1
CUST_4836,0
CUST_4837,0
CUST_4838,1
CUST_4839,0
CUST_4840,1
CUST_4841,0
CUST_4842,1
CUST_4843,1
CUST_4844,0
CUST_4845,1
CUST_4846,1
CUST_4847,0
CUST_4848,1
CUST_4849,0
CUST_4850,0
CUST_4851,1
CUST_4852,0
CUST_4853,1
CUST_4854,0
CUST_4855,0
CUST_4856,0
CUST_4857,0
CUST_4858,0
CUST_4859,1
CUST_4860,1
CUST_4861,0
CUST_4862,1
CUST_4863,1
CUST_4864,1
CUST_4865,0
CUST_4866,1
CUST_4867,0
CUST_4868,0
CUST_4869,1
CUST_4870,1
CUST_4871,1
CUST_4872,1
CUST_4873,0
CUST_4874,1
CUST_4875,0
CUST_4876,1
CUST_4877,1
CUST_4878,1
CUST_4879,0
CUST_4880,1
CUST_4881,0
CUST_4882,1
CUST_4883,1
CUST_4884,1
CUST_4885,0
CUST_4886,0
CUST_4887,1
CUST_4888,0
CUST_4889,1
CUST_4890,1
CUST_4891,0
CUST_4892,0
CUST_4893,0
CUST_4894,0
CUST_4895,0
CUST_4896,1
CUST_4897,0
CUST_4898,0
CUST_4899,0
CUST_4900,1
CUST_4901,0
CUST_4902,0
CUST_4903,0
CUST_4904,0
CUST_4905,0
CUST_4906,0
CUST_4907,0
CUST_4908,1
CUST_4909,0
CUST_4910,0
CUST_4911,1
CUST_4912,1
CUST_4913,1
CUST_4914,0
CUST_4915,1
CUST_4916,0
CUST_4917,1
CUST_4918,1
CUST_4919,1
CUST_4920,1
CUST_4921,1
CUST_4922,0
CUST_4923,1
CUST_4924,1
CUST_4925,0
CUST_4926,0
CUST_4927,1
CUST_4928,0
CUST_4929,0
CUST_4930,1
CUST_4931,1
CUST_4932,0
CUST_4933,0
CUST_4934,0
CUST_4935,0
CUST_4936,0
CUST_4937,0
CUST_4938,1
CUST_4939,1
CUST_4940,0
CUST_4941,0
CUST_4942,0
CUST_4943,0
CUST_4944,1
CUST_4945,1
CUST_4946,0
CUST_4947,0
CUST_4948,0
CUST_4949,1
CUST_4950,0
CUST_4951,1
CUST_4952,0
CUST_4953,0
CUST_4954,0
CUST_4955,0
CUST_4956,1
CUST_4957,1
CUST_4958,0
CUST_4959,0
CUST_4960,1
CUST_4961,1
CUST_4962,1
CUST_4963,0
CUST_4964,0
CUST_4965,0
CUST_4966,1
CUST_4967,0
CUST_4968,0
CUST_4969,0
CUST_4970,0
CUST_4971,0
CUST_4972,0
CUST_4973,0
CUST_4974,1
CUST_4975,0
CUST_4976,0
CUST_4977,1
CUST_4978,1
CUST_4979,1
CUST_4980,1
CUST_4981,0
CUST_4982,1
CUST_4983,0
CUST_4984,0
CUST_4985,0
CUST_4986,1
CUST_4987,1
CUST_4988,0
CUST_4989,0
CUST_4990,1
CUST_4991,0
CUST_4992,0
CUST_4993,0
CUST_4994,0
CUST_4995,1
CUST_4996,0
CUST_4997,0
CUST_4998,1
CUST_4999,0
CUST_5000,0
CUST_5001,1
CUST_5002,0
CUST_5003,0
CUST_5004,0
CUST_5005,0
CUST_5006,0
CUST_5007,0
CUST_5008,0
CUST_5009,0
CUST_5010,0
CUST_5011,1
CUST_5012,1
CUST_5013,0
CUST_5014,0
CUST_5015,0
CUST_5016,0
CUST_5017,1
CUST_5018,1
CUST_5019,0
CUST_5020,0
CUST_5021,0
CUST_5022,1
CUST_5023,1
CUST_5024,0
CUST_5025,1
CUST_5026,0
CUST_5027,1
CUST_5028,1
CUST_5029,1
CUST_5030,0
CUST_5031,0
CUST_5032,0
CUST_5033,0
CUST_5034,0
CUST_5035,1
CUST_5036,0
CUST_5037,0
CUST_5038,1
CUST_5039,0
CUST_5040,0
CUST_5041,1
CUST_5042,0
CUST_5043,1
CUST_5044,0
CUST_5045,0
CUST_5046,0
CUST_5047,0
CUST_5048,0
CUST_5049,1
CUST_5050,1
CUST_5051,0
CUST_5052,0
CUST_5053,0
CUST_5054,1
CUST_5055,0
CUST_5056,0
CUST_5057,0
CUST_5058,0
CUST_5059,1
CUST_5060,0
CUST_5061,1
CUST_5062,1
CUST_5063,1
CUST_5064,0
CUST_5065,0
CUST_5066,0
CUST_5067,1
CUST_5068,0
CUST_5069,0
CUST_5070,1
CUST_5071,1
CUST_5072,0
CUST_5073,1
CUST_5074,0
CUST_5075,0
CUST_5076,1
CUST_5077,1
CUST_5078,0
CUST_5079,0
CUST_5080,0
CUST_5081,0
CUST_5082,0
CUST_5083,1
CUST_5084,0
CUST_5085,1
CUST_5086,0
CUST_5087,0
CUST_5088,0
CUST_5089,0
CUST_5090,0
CUST_5091,0
CUST_5092,0
CUST_5093,0
CUST_5094,1
CUST_5095,0
CUST_5096,1
CUST_5097,0
CUST_5098,1
CUST_5099,1
CUST_5100,1
CUST_5101,1
CUST_5102,1
CUST_5103,1
CUST_5104,0
CUST_5105,0
CUST_5106,1
CUST_5107,0
CUST_5108,0
CUST_5109,0
CUST_5110,0
CUST_5111,1
CUST_5112,0
CUST_5113,0
CUST_5114,0
CUST_5115,1
CUST_5116,0
CUST_5117,0
CUST_5118,0
CUST_5119,1
CUST_5120,0
CUST_5121,0
CUST_5122,1
CUST_5123,0
CUST_5124,1
CUST_5125,0
CUST_5126,0
CUST_5127,1
CUST_5128,1
CUST_5129,0
CUST_5130,0
CUST_5131,1
CUST_5132,1
CUST_5133,1
CUST_5134,0
CUST_5135,1
CUST_5136,0
CUST_5137,0
CUST_5138,0
CUST_5139,1
CUST_5140,0
CUST_5141,0
CUST_5142,0
CUST_5143,0
CUST_5144,0
CUST_5145,0
CUST_5146,0
CUST_5147,0
CUST_5148,0
CUST_5149,0
CUST_5150,0
CUST_5151,1
CUST_5152,1
CUST_5153,0
CUST_5154,1
CUST_5155,1
CUST_5156,0
CUST_5157,1
CUST_5158,1
CUST_5159,0
CUST_5160,0
CUST_5161,0
CUST_5162,0
CUST_5163,1
CUST_5164,1
CUST_5165,0
CUST_5166,0
CUST_5167,0
CUST_5168,0
CUST_5169,0
CUST_5170,1
CUST_5171,1
CUST_5172,1
CUST_5173,1
CUST_5174,1
CUST_5175,1
CUST_5176,0
CUST_5177,0
CUST_5178,1
CUST_5179,1
CUST_5180,1
CUST_5181,1
CUST_5182,1
CUST_5183,0
CUST_5184,0
CUST_5185,1
CUST_5186,0
CUST_5187,1
CUST_5188,1
CUST_5189,0
CUST_5190,0
CUST_5191,0
CUST_5192,1
CUST_5193,0
CUST_5194,0
CUST_5195,0
CUST_5196,1
CUST_5197,0
CUST_5198,0
CUST_5199,1
CUST_5200,1
CUST_5201,0
CUST_5202,0
CUST_5203,0
CUST_5204,0
CUST_5205,0
CUST_5206,1
CUST_5207,1
CUST_5208,0
CUST_5209,1
CUST_5210,0
CUST_5211,0
CUST_5212,1
CUST_5213,0
CUST_5214,1
CUST_5215,0
CUST_5216,0
CUST_5217,0
CUST_5218,0
CUST_5219,0
CUST_5220,1
CUST_5221,1
CUST_5222,0
CUST_5223,1
CUST_5224,0
CUST_5225,0
CUST_5226,0
CUST_5227,1
CUST_5228,1
CUST_5229,0
CUST_5230,1
CUST_5231,1
CUST_5232,1
CUST_5233,1
CUST_5234,1
CUST_5235,0
CUST_5236,0
CUST_5237,0
CUST_5238,1
CUST_5239,0
CUST_5240,1
CUST_5241,1
CUST_5242,1
CUST_5243,0
CUST_5244,1
CUST_5245,0
CUST_5246,1
CUST_5247,0
CUST_5248,0
CUST_5249,0
CUST_5250,0
CUST_5251,0
CUST_5252,1
CUST_5253,0
CUST_5254,0
CUST_5255,0
CUST_5256,0
CUST_5257,1
CUST_5258,0
CUST_5259,0
CUST_5260,0
CUST_5261,1
CUST_5262,0
CUST_5263,1
CUST_5264,0
CUST_5265,1
CUST_5266,0
CUST_5267,0
CUST_5268,0
CUST_5269,0
CUST_5270,1
CUST_5271,0
CUST_5272,0
CUST_5273,0
CUST_5274,0
CUST_5275,0
CUST_5276,0
CUST_5277,0
CUST_5278,0
CUST_5279,1
CUST_5280,1
CUST_5281,0
CUST_5282,0
CUST_5283,0
CUST_5284,1
CUST_5285,1
CUST_5286,1
CUST_5287,0
CUST_5288,0
CUST_5289,0
CUST_5290,1
CUST_5291,0
CUST_5292,0
CUST_5293,1
CUST_5294,1
CUST_5295,0
CUST_5296,0
CUST_5297,0
CUST_5298,0
CUST_5299,0
CUST_5300,0
CUST_5301,0
CUST_5302,0
CUST_5303,1
CUST_5304,0
CUST_5305,0
CUST_5306,0
CUST_5307,1
CUST_5308,1
CUST_5309,0
CUST_5310,1
CUST_5311,1
CUST_5312,0
CUST_5313,1
CUST_5314,0
CUST_5315,0
CUST_5316,0
CUST_5317,1
CUST_5318,0
CUST_5319,0
CUST_5320,1
CUST_5321,0
CUST_5322,0
CUST_5323,0
CUST_5324,1
CUST_5325,0
CUST_5326,0
CUST_5327,0
CUST_5328,0
CUST_5329,0
CUST_5330,1
CUST_5331,1
CUST_5332,0
CUST_5333,1
CUST_5334,0
CUST_5335,0
CUST_5336,0
CUST_5337,0
CUST_5338,0
CUST_5339,0
CUST_5340,0
CUST_5341,1
CUST_5342,0
CUST_5343,0
CUST_5344,1
CUST_5345,1
CUST_5346,0
CUST_5347,0
CUST_5348,0
CUST_5349,1
CUST_5350,1
CUST_5351,0
CUST_5352,0
CUST_5353,1
CUST_5354,1
CUST_5355,1
CUST_5356,0
CUST_5357,1
CUST_5358,1
CUST_5359,1
CUST_5360,0
CUST_5361,1
CUST_5362,0
CUST_5363,1
CUST_5364,0
CUST_5365,0
CUST_5366,1
CUST_5367,1
CUST_5368,0
CUST_5369,0
CUST_5370,0
CUST_5371,1
CUST_5372,1
CUST_5373,1
CUST_5374,0
CUST_5375,1
CUST_5376,0
CUST_5377,1
CUST_5378,1
CUST_5379,0
CUST_5380,0
CUST_5381,0
CUST_5382,0
CUST_5383,0
CUST_5384,1
CUST_5385,0
CUST_5386,1
CUST_5387,1
CUST_5388,0
CUST_5389,1
CUST_5390,0
CUST_5391,0
CUST_5392,0
CUST_5393,1
CUST_5394,0
CUST_5395,1
CUST_5396,0
CUST_5397,1
CUST_5398,0
CUST_5399,0
CUST_5400,1
CUST_5401,0
CUST_5402,0
CUST_5403,0
CUST_5404,1
CUST_5405,0
CUST_5406,0
CUST_5407,0
CUST_5408,1
CUST_5409,1
CUST_5410,1
CUST_5411,1
CUST_5412,1
CUST_5413,0
CUST_5414,0
CUST_5415,1
CUST_5416,1
CUST_5417,1
CUST_5418,0
CUST_5419,1
CUST_5420,0
CUST_5421,0
CUST_5422,0
CUST_5423,0
CUST_5424,1
CUST_5425,0
CUST_5426,0
CUST_5427,0
CUST_5428,1
CUST_5429,1
CUST_5430,0
CUST_5431,0
CUST_5432,0
CUST_5433,1
CUST_5434,0
CUST_5435,1
CUST_5436,1
CUST_5437,0
CUST_5438,0
CUST_5439,0
CUST_5440,0
CUST_5441,0
CUST_5442,0
CUST_5443,0
CUST_5444,0
CUST_5445,0
CUST_5446,1
CUST_5447,1
CUST_5448,0
CUST_5449,0
CUST_5450,0
CUST_5451,1
CUST_5452,0
CUST_5453,0
CUST_5454,1
CUST_5455,1
CUST_5456,1
CUST_5457,0
CUST_5458,1
CUST_5459,0
CUST_5460,1
CUST_5461,0
CUST_5462,1
CUST_5463,0
CUST_5464,0
CUST_5465,1
CUST_5466,1
CUST_5467,0
CUST_5468,1
CUST_5469,0
CUST_5470,0
CUST_5471,1
CUST_5472,0
CUST_5473,0
CUST_5474,1
CUST_5475,0
CUST_5476,0
CUST_5477,1
CUST_5478,0
CUST_5479,1
CUST_5480,1
CUST_5481,1
CUST_5482,0
CUST_5483,0
CUST_5484,0
CUST_5485,1
CUST_5486,0
CUST_5487,1
CUST_5488,0
CUST_5489,0
CUST_5490,1
CUST_5491,0
CUST_5492,0
CUST_5493,0
CUST_5494,0
CUST_5495,0
CUST_5496,1
CUST_5497,0
CUST_5498,1
CUST_5499,0
CUST_5500,1
CUST_5501,0
CUST_5502,0
CUST_5503,1
CUST_5504,0
CUST_5505,0
CUST_5506,0
CUST_5507,0
CUST_5508,0
CUST_5509,0
CUST_5510,0
CUST_5511,0
CUST_5512,1
CUST_5513,0
CUST_5514,1
CUST_5515,1
CUST_5516,0
CUST_5517,1
CUST_5518,0
CUST_5519,0
CUST_5520,0
CUST_5521,0
CUST_5522,0
CUST_5523,0
CUST_5524,0
CUST_5525,1
CUST_5526,0
CUST_5527,1
CUST_5528,1
CUST_5529,1
CUST_5530,0
CUST_5531,0
CUST_5532,1
CUST_5533,1
CUST_5534,1
CUST_5535,0
CUST_5536,0
CUST_5537,0
CUST_5538,1
CUST_5539,0
CUST_5540,0
CUST_5541,0
CUST_5542,1
CUST_5543,1
CUST_5544,0
CUST_5545,1
CUST_5546,0
CUST_5547,0
CUST_5548,0
CUST_5549,0
CUST_5550,0
CUST_5551,1
CUST_5552,1
CUST_5553,0
CUST_5554,0
CUST_5555,0
CUST_5556,0
CUST_5557,0
CUST_5558,0
CUST_5559,1
CUST_5560,0
CUST_5561,0
CUST_5562,1
CUST_5563,0
CUST_5564,1
CUST_5565,0
CUST_5566,0
CUST_5567,1
CUST_5568,0
CUST_5569,0
CUST_5570,1
CUST_5571,0
CUST_5572,1
CUST_5573,0
CUST_5574,0
CUST_5575,0
CUST_5576,1
CUST_5577,0
CUST_5578,1
CUST_5579,0
CUST_5580,0
CUST_5581,1
CUST_5582,0
CUST_5583,0
CUST_5584,0
CUST_5585,0
CUST_5586,0
CUST_5587,0
CUST_5588,0
CUST_5589,1
CUST_5590,0
CUST_5591,0
CUST_5592,0
CUST_5593,1
CUST_5594,1
CUST_5595,0
CUST_5596,0
CUST_5597,1
CUST_5598,1
CUST_5599,0
CUST_5600,1
CUST_5601,1
CUST_5602,0
CUST_5603,0
CUST_5604,1
CUST_5605,0
CUST_5606,0
CUST_5607,0
CUST_5608,1
CUST_5609,1
CUST_5610,1
CUST_5611,0
CUST_5612,1
CUST_5613,0
CUST_5614,1
CUST_5615,1
CUST_5616,0
CUST_5617,1
CUST_5618,0
CUST_5619,0
CUST_5620,0
CUST_5621,1
CUST_5622,1
CUST_5623,1
CUST_5624,0
CUST_5625,0
CUST_5626,0
CUST_5627,1
CUST_5628,1
CUST_5629,0
CUST_5630,0
CUST_5631,0
CUST_5632,0
CUST_5633,1
CUST_5634,0
CUST_5635,0
CUST_5636,0
CUST_5637,0
CUST_5638,0
CUST_5639,0
CUST_5640,1
CUST_5641,0
CUST_5642,0
CUST_5643,0
CUST_5644,0
CUST_5645,1
CUST_5646,1
CUST_5647,1
CUST_5648,1
CUST_5649,1
CUST_5650,0
CUST_5651,0
CUST_5652,0
CUST_5653,0
CUST_5654,0
CUST_5655,1
CUST_5656,0
CUST_5657,1
CUST_5658,0
CUST_5659,1
CUST_5660,0
CUST_5661,0
CUST_5662,1
CUST_5663,1
CUST_5664,0
CUST_5665,1
CUST_5666,1
CUST_5667,1
CUST_5668,1
CUST_5669,1
CUST_5670,0
CUST_5671,0
CUST_5672,0
CUST_5673,0
CUST_5674,1
CUST_5675,0
CUST_5676,1
CUST_5677,1
CUST_5678,1
CUST_5679,0
CUST_5680,0
CUST_5681,1
CUST_5682,0
CUST_5683,0
CUST_5684,0
CUST_5685,0
CUST_5686,1
CUST_5687,0
CUST_5688,1
CUST_5689,1
CUST_5690,0
CUST_5691,0
CUST_5692,0
CUST_5693,0
CUST_5694,1
CUST_5695,1
CUST_5696,0
CUST_5697,0
CUST_5698,0
CUST_5699,1
CUST_5700,1
CUST_5701,1
CUST_5702,0
CUST_5703,0
CUST_5704,0
CUST_5705,1
CUST_5706,1
CUST_5707,0
CUST_5708,0
CUST_5709,0
CUST_5710,1
CUST_5711,1
CUST_5712,0
CUST_5713,1
CUST_5714,0
CUST_5715,1
CUST_5716,1
CUST_5717,1
CUST_5718,0
CUST_5719,0
CUST_5720,1
CUST_5721,1
CUST_5722,0
CUST_5723,1
CUST_5724,1
CUST_5725,0
CUST_5726,1
CUST_5727,1
CUST_5728,0
CUST_5729,0
CUST_5730,0
CUST_5731,0
CUST_5732,1
CUST_5733,1
CUST_5734,0
CUST_5735,0
CUST_5736,0
CUST_5737,1
CUST_5738,0
CUST_5739,0
CUST_5740,1
CUST_5741,0
CUST_5742,0
CUST_5743,1
CUST_5744,0
CUST_5745,1
CUST_5746,0
CUST_5747,1
CUST_5748,0
CUST_5749,0
CUST_5750,1
CUST_5751,0
CUST_5752,0
CUST_5753,1
CUST_5754,0
CUST_5755,0
CUST_5756,0
CUST_5757,1
CUST_5758,1
CUST_5759,1
CUST_5760,0
CUST_5761,1
CUST_5762,1
CUST_5763,1
CUST_5764,0
CUST_5765,1
CUST_5766,0
CUST_5767,0
CUST_5768,1
CUST_5769,0
CUST_5770,1
CUST_5771,1
CUST_5772,1
CUST_5773,1
CUST_5774,0
CUST_5775,1
CUST_5776,0
CUST_5777,1
CUST_5778,1
CUST_5779,0
CUST_5780,0
CUST_5781,1
CUST_5782,0
CUST_5783,0
CUST_5784,0
CUST_5785,0
CUST_5786,1
CUST_5787,1
CUST_5788,0
CUST_5789,1
CUST_5790,0
CUST_5791,0
CUST_5792,0
CUST_5793,0
CUST_5794,0
CUST_5795,0
CUST_5796,0
CUST_5797,0
CUST_5798,0
CUST_5799,1
CUST_5800,0
CUST_5801,1
CUST_5802,0
CUST_5803,1
CUST_5804,1
CUST_5805,1
CUST_5806,0
CUST_5807,0
CUST_5808,0
CUST_5809,0
CUST_5810,1
CUST_5811,0
CUST_5812,0
CUST_5813,0
CUST_5814,0
CUST_5815,0
CUST_5816,0
CUST_5817,0
CUST_5818,0
CUST_5819,1
CUST_5820,0
CUST_5821,0
CUST_5822,1
CUST_5823,1
CUST_5824,0
CUST_5825,1
CUST_5826,0
CUST_5827,0
CUST_5828,0
CUST_5829,0
CUST_5830,0
CUST_5831,0
CUST_5832,0
CUST_5833,1
CUST_5834,0
CUST_5835,1
CUST_5836,1
CUST_5837,0
CUST_5838,0
CUST_5839,0
CUST_5840,0
CUST_5841,0
CUST_5842,0
CUST_5843,0
CUST_5844,0
CUST_5845,1
CUST_5846,0
CUST_5847,1
CUST_5848,1
CUST_5849,0
CUST_5850,0
CUST_5851,0
CUST_5852,0
CUST_5853,0
CUST_5854,0
CUST_5855,0
CUST_5856,0
CUST_5857,0
CUST_5858,1
CUST_5859,1
CUST_5860,0
CUST_5861,0
CUST_5862,1
CUST_5863,0
CUST_5864,0
CUST_5865,0
CUST_5866,1
CUST_5867,0
CUST_5868,1
CUST_5869,1
CUST_5870,0
CUST_5871,0
CUST_5872,0
CUST_5873,1
CUST_5874,1
CUST_5875,0
CUST_5876,1
CUST_5877,1
CUST_5878,0
CUST_5879,1
CUST_5880,0
CUST_5881,1
CUST_5882,1
CUST_5883,1
CUST_5884,0
CUST_5885,1
CUST_5886,0
CUST_5887,0
CUST_5888,0
CUST_5889,0
CUST_5890,0
CUST_5891,0
CUST_5892,1
CUST_5893,0
CUST_5894,1
CUST_5895,0
CUST_5896,0
CUST_5897,0
CUST_5898,0
CUST_5899,0
CUST_5900,0
CUST_5901,1
CUST_5902,1
CUST_5903,0
CUST_5904,0
CUST_5905,0
CUST_5906,0
CUST_5907,0
CUST_5908,0
CUST_5909,1
CUST_5910,0
CUST_5911,1
CUST_5912,1
CUST_5913,0
CUST_5914,0
CUST_5915,0
CUST_5916,0
CUST_5917,0
CUST_5918,1
CUST_5919,0
CUST_5920,0
CUST_5921,1
CUST_5922,0
CUST_5923,1
CUST_5924,0
CUST_5925,0
CUST_5926,0
CUST_5927,1
CUST_5928,1
CUST_5929,0
CUST_5930,0
CUST_5931,0
CUST_5932,1
CUST_5933,1
CUST_5934,1
CUST_5935,1
CUST_5936,0
CUST_5937,0
CUST_5938,1
CUST_5939,1
CUST_5940,1
CUST_5941,0
CUST_5942,0
CUST_5943,1
CUST_5944,0
CUST_5945,0
CUST_5946,0
CUST_5947,0
CUST_5948,1
CUST_5949,1
CUST_5950,0
CUST_5951,0
CUST_5952,0
CUST_5953,0
CUST_5954,1
CUST_5955,0
CUST_5956,0
CUST_5957,0
CUST_5958,1
CUST_5959,0
CUST_5960,1
CUST_5961,1
CUST_5962,1
CUST_5963,1
CUST_5964,0
CUST_5965,1
CUST_5966,1
CUST_5967,0
CUST_5968,1
CUST_5969,0
CUST_5970,0
CUST_5971,1
CUST_5972,1
CUST_5973,0
CUST_5974,0
CUST_5975,0
CUST_5976,1
CUST_5977,0
CUST_5978,0
CUST_5979,0
CUST_5980,0
CUST_5981,0
CUST_5982,1
CUST_5983,0
CUST_5984,0
CUST_5985,1
CUST_5986,0
CUST_5987,1
CUST_5988,0
CUST_5989,0
CUST_5990,0
CUST_5991,0
CUST_5992,1
CUST_5993,0
CUST_5994,0
CUST_5995,0
CUST_5996,1
CUST_5997,1
CUST_5998,0
CUST_5999,0
